1,3520,41997,2019-11-13,2019-11-23,18,2019-12-11,21,LXII,Comisión de Hacienda y Presupuestos,"Iniciativa de ley del Gobernador Constitucional del Estado, que aprueba la Ley de Ingresos  del Estado de Jalisco, para el ejercicio fiscal de 2020, presentada, mediante oficio número DIGELAG OF 792/2019.(F6447)(c/anexo)"
2,3519,41996,2019-11-15,2019-11-25,20,2019-12-15,21,LXII,Comisión de Hacienda y Presupuestos,"Iniciativa de decreto del Gobernador Constitucional del Estado de Jalisco, mediante el cual remite el Presupuesto de Egresos del Estado de Jalisco, para el periodo comprendido del 1° de enero al 31 de diciembre de 2020, y su Plantilla de Personal; por los importes referidos en la misma, para las dependencias y entidades del Poder ejecutivo, Los Órganos Autónomos, el Poder Legislativo y el Poder Judicial"", presentada mediante oficio DIGELAG OF. 793/2019.(F6446)"
3,4034,42748,2020-02-06,2020-02-16,0,,21,LXII,Comisión de Hacienda y Presupuestos,"Iniciativa de decreto del Gobernador Constitucional del Estado de Jalisco, mediante la cual se autoriza al Titular del Poder Ejecutivo del Estado llevar a cabo la enajenación de un bien inmueble propiedad estatal denominado ""La Loma"", en Tlajomulco de Zúñiga, Jalisco, presentada mediante oficio DIGELAG OF. 070/2020.(F7842)"
4,4040,42760,2020-02-06,2020-02-16,0,,21,LXII,Comisión de Hacienda y Presupuestos,"Iniciativa de ley del Honorable Ayuntamiento Constitucional de Autlán de Navarro, Jalisco, que modifica la Ley  de Ingresos de Autlán de Navarro, Jalisco   ejercicio fiscal 2020.(F7851)"
5,4030,42697,2020-02-06,2020-02-16,0,,21,LXII,Comisión de Hacienda y Presupuestos,"Acuerdo del  Honorable Ayuntamiento Constitucional de Tonalá, Jalisco, que exhorta al Congreso del estado de Jalisco  a fin de solicitar la  exención del pago correspondiente a la expedición del refrendo de la licencia comercial de los comerciantes afectados por las obras que se llevan a cabo en la delegación de Puente Grande del municipio en mención. (F7667) (c/anexo)"
6,3995,42686,2020-02-13,2020-02-23,0,,21,LXII,Comisión de Hacienda y Presupuestos,"Iniciativa de decreto del Honorable Ayuntamiento Constitucional de Poncitlán, Jalisco, que tiene por objeto solicitar autorización al Congreso del Estado para el compromiso de las participaciones federales para que sean destinadas al cumplimiento de obligaciones de pago por la prestación del servicio de Alumbrado Público.(F7562) (c/anexo)"
7,4118,42885,2020-02-17,2020-02-27,0,,21,LXII,Comisión de Hacienda y Presupuestos,Iniciativa de ley para adicionar el artículo 44-Ter a la Ley de Hacienda del estado de Jalisco.
8,4124,42893,2020-02-27,2020-03-08,0,,21,LXII,Comisión de Hacienda y Presupuestos,"Iniciativa de ley del Honorable Ayuntamiento Constitucional de Juanacatlán, Jalisco, que modifica diversas tarifas del decreto 27645/LXII/19 correspondiente a la Ley de Ingresos para el ejercicio fiscal 2020.(F7999)"
9,4310,43127,2020-03-04,2020-03-14,0,,21,LXII,Comisión de Hacienda y Presupuestos,"Iniciativa de ley del Honorable Ayuntamiento Constitucional de Tuxcueca, Jalisco,  que reforma el artículo 20 de la ley de Ingresos de Tuxcueca, Jalisco, para el ejercicio fiscal 2020 y adición de un  artículo sexto transitorio.(F8399)"
10,4312,43129,2020-03-04,2020-03-14,0,,21,LXII,Comisión de Hacienda y Presupuestos,"Iniciativa de ley  del Honorable Ayuntamiento Constitucional de Zacoalco de Torres,  Jalisco, que reforma la ley de Ingresos del municipio de Zacoalco de Torres, Jalisco, para el ejercicio fiscal 2020.(F8407)"
11,4311,43128,2020-03-04,2020-03-14,0,,21,LXII,Comisión de Hacienda y Presupuestos,"Iniciativa de ley  del Honorable Ayuntamiento Constitucional de Zapopan, Jalisco,  que reforma el artículo 46 de la ley de Ingresos del municipio de Zapopan, Jalisco, para el ejercicio fiscal 2020 y la adición de un artículo décimo primero transitorio.(F8378)"
12,4314,43131,2020-03-04,2020-03-14,0,,21,LXII,Comisión de Hacienda y Presupuestos,"Iniciativa de ley  del Honorable Ayuntamiento Constitucional de Amacueca  Jalisco, que reforma la ley de Ingresos del municipio de Amacueca, Jalisco,   para el ejercicio fiscal 2020.(F8404)"
13,4313,43130,2020-03-04,2020-03-14,0,,21,LXII,Comisión de Hacienda y Presupuestos,"Iniciativa de ley  del Honorable Ayuntamiento Constitucional de Tizapán,  Jalisco, que reforma la ley de Ingresos del municipio de Tizapán El Alto, Jalisco,   para el ejercicio fiscal 2020.(F8403)"
14,4315,43132,2020-03-04,2020-03-14,0,,21,LXII,Comisión de Hacienda y Presupuestos,"Iniciativa de ley  del Honorable Ayuntamiento Constitucional de Cocula, Jalisco, que reforma su ley de Ingresos   para el ejercicio fiscal 2020.(F8412)"
15,4333,43150,2020-03-04,2020-03-14,0,,21,LXII,Comisión de Hacienda y Presupuestos,"Iniciativa de ley  del Honorable Ayuntamiento Constitucional de Gómez Farías, Jalisco, que reforma su ley de Ingresos   para el ejercicio fiscal 2020.(F8417)"
16,4367,43192,2020-03-10,2020-03-20,0,,21,LXII,Comisión de Hacienda y Presupuestos,Iniciativa de ley para adicionar la fracción XXXV al artículo 23 y reformar el artículo 25 de la Ley de Ingresos del estado de Jalisco para el ejercicio fiscal 2020.
17,4351,43168,2020-03-11,2020-03-21,0,,21,LXII,Comisión de Hacienda y Presupuestos,"Iniciativa de ley  del Honorable Ayuntamiento Constitucional de Jamay, Jalisco, que reforma el artículo 19 de su ley de Ingresos   para el ejercicio fiscal 2020.(F8443)"
18,4392,43220,2020-03-11,2020-03-21,0,,21,LXII,Comisión de Hacienda y Presupuestos,"Iniciativa de ley  del Honorable Ayuntamiento Constitucional de Mazamitla, Jalisco, que reforma su ley de Ingresos   para el ejercicio fiscal 2020.(F8503)"
19,4397,43229,2020-03-11,2020-03-21,0,,21,LXII,Comisión de Hacienda y Presupuestos,"Iniciativa de ley  del Honorable Ayuntamiento Constitucional de Tizapán el Alto, Jalisco, que reforma su ley de Ingresos   para el ejercicio fiscal 2020.(F8509)"
20,4398,43232,2020-03-11,2020-03-21,0,,21,LXII,Comisión de Hacienda y Presupuestos,"Iniciativa de ley  del Honorable Ayuntamiento Constitucional de Tala, Jalisco, que reforma los artículos  34 y 75 su ley de Ingresos   para el ejercicio fiscal 2020. (F8530)"
21,4456,43309,2020-03-18,2020-03-28,0,,21,LXII,Comisión de Hacienda y Presupuestos,"Iniciativa de ley para reformar los artículos 15, 47 fracción X, 64, 65 primer párrafo, 66, 67 primer párrafo, 77 último párrafo, 80 párrafos primero y segundo y 144 fracción V, de la Ley del Gobierno y la Administración Pública Municipal; reformar los artículos 13 fracción XXIII y 23 fracción I inciso b) de la Ley de Catastro Municipal; reformar los artículos 18 y 19 fracción III y numeral 3 de la ley de Coordinación Fiscal del estado de Jalisco y sus municipios; reformar los artículos 6.°, 13 primer párrafo, 24 fracción III y último párrafo, 26 fracción V, 30 segundo párrafo, 32 primer párrafo, 33, 36 tercer párrafo y 37 segundo párrafo de la Ley de Deuda Pública y Disciplina Financiera del estado de Jalisco y sus municipios; reformar los artículos 13 fracción XXXVII, 20 fracción XIX y 26 fracción VII de la Ley de Fiscalización Superior y Rendición de Cuentas del estado de Jalisco y sus municipios; todos ordenamientos del estado de Jalisco."
22,4457,43310,2020-03-18,2020-03-28,0,,21,LXII,Comisión de Hacienda y Presupuestos,"Iniciativa de decreto para autorizar a los ayuntamientos de los municipios del estado de Jalisco, que deseen acogerse al presente decreto, a realizar un descuento de hasta el 75% sobre los recargos, a los contribuyentes que hayan incurrido en mora en el pago de las diversas contribuciones municipales que se hubiesen generado hasta el inicio de la vigencia del presente decreto."
23,6200,45633,2020-11-13,2020-11-23,0,,21,LXII,Comisión de Hacienda y Presupuestos,"Iniciativa de decreto  del Gobernador Constitucional del estado de Jalisco, para desincorporar del patrimonio del Gobierno del estado de Jalisco el inmueble conocido como ex Casa de Moneda, y autoriza a entregarlo en donación a favor del Ayuntamiento Constitucional de Guadalajara, presentada mediante oficio DIGELAG OF. 579/2020 (F12265)(c/anexo)"
24,6148,45570,2020-11-06,2020-11-16,0,,21,LXII,Comisión de Hacienda y Presupuestos,"Iniciativa de decreto del Gobernador Constitucional del Estado de Jalisco, mediante el cual remite el Presupuesto de Egresos del Estado de Jalisco, para el periodo comprendido del 1° de enero al 31 de diciembre de 2021, sus anexos y su Plantilla de Personal; por los importes referidos en la misma, para las dependencias y entidades del Poder Ejecutivo, los Órganos Autónomos, el Poder Legislativo y el Poder Judicial"", presentada mediante oficio DIGELAG OF. 581/2020.(F12113)(c/anexo)"
25,6094,45445,2020-10-30,2020-11-09,0,,21,LXII,Comisión de Hacienda y Presupuestos,"Iniciativa de ley del Honorable Ayuntamiento Constitucional de Zapopan, Jalisco, que adiciona el artículo décimo cuarto transitorio de su Ley de Ingresos para el ejercicio fiscal 2020.(F11704)"
26,6116,45491,2020-10-30,2020-11-09,0,,21,LXII,Comisión de Hacienda y Presupuestos,"Iniciativa de ley  del Gobernador Constitucional del estado de Jalisco, que modifica los artículos 1°, 2°, 3°, 5°, 8°, 9°, 11°, 13, 14, 15, 18, 20 y 21; y adiciona el artículo 9 bis de la Ley de Coordinación Fiscal del estado de Jalisco sus Municipios, presentada mediante oficio DIGELAG OF. 514/2020.(F11884)"
27,6127,45520,2020-10-30,2020-11-09,0,,21,LXII,Comisión de Hacienda y Presupuestos,"Iniciativa de ley del Honorable Ayuntamiento Constitucional de Zacoalco de Torres, Jalisco, que modifica su Ley de Ingresos para el ejercicio fiscal 2020.(F11810)(c/anexo)"
28,6103,45459,2020-10-22,2020-11-01,0,,21,LXII,Comisión de Hacienda y Presupuestos,"Iniciativa de decreto   del Gobernador Constitucional del estado de Jalisco,  para desincorporar del Patrimonio del Organismo Público Descentralizado Denominado ""Servicios de Salud Jalisco"" El Terreno e Inmueble del ""Hospital de Arandas"" de su propiedad, y se autoriza entregarlos en donación a favor del Instituto Mexicano del Seguro Social presentada bajo oficio   DIGELAG OF. 553/2020.(F11849)"
29,5908,45232,2020-10-15,2020-10-25,0,,21,LXII,Comisión de Hacienda y Presupuestos,"Iniciativa de ley de los Diputados Ricardo Rodríguez Jiménez y Gerardo Quirino Velázquez Chavez, que modifica el artículo 9 de la Ley de Coordinación Fiscal del Estado de Jalisco con sus Municipios.(F11484)"
30,6568,46320,2021-03-16,2021-03-26,0,,21,LXII,Comisión de Hacienda y Presupuestos,"Iniciativa de decreto del Honorable Ayuntamiento Constitucional de Guadalajara, Jalisco, que solicita al Congreso del estado de Jalisco, la aprobación para el otorgamiento de descuento en el pago de derechos de concesión, multas y recargos, a favor de particulares concesionarios del mercado municipal de Plaza Guadalajara.(F13486)"
31,6594,46380,2021-03-16,2021-03-26,0,,21,LXII,Comisión de Hacienda y Presupuestos,"Iniciativa de ley del diputado Gustavo Macías Zambrano, que   reforma los artículos 1º, 5º, 18, 29, 33, 107 y 117 de la Ley del Presupuesto, Contabilidad y Gasto Público del Estado de Jalisco.(F13785)"
32,6618,46434,2021-03-22,2021-04-01,0,,21,LXII,Comisión de Hacienda y Presupuestos,"Iniciativa de ley del Honorable Ayuntamiento Constitucional de Puerto Vallarta, Jalisco, mediante el cual modifica el artículo séptimo transitorio de su  Ley de Ingresos ejercicio fiscal 2021.(F13911)"
33,6613,46420,2021-03-22,2021-04-01,0,,21,LXII,Comisión de Hacienda y Presupuestos,"Iniciativa de ley del Honorable Ayuntamiento Constitucional de Jalostotitlán, Jalisco, que modifica su Ley de Ingresos ejercicio fiscal 2021.(F13867)"
34,6621,46438,2021-03-22,2021-04-01,0,,21,LXII,Comisión de Hacienda y Presupuestos,"Iniciativa de ley del Honorable Ayuntamiento Constitucional de Guadalajara, Jalisco, mediante el cual modifica su ley de ingresos ejercicio fiscal 2021.(F13870)"
35,3695,42209,2019-12-10,2019-12-20,0,,115,LXII,"Comisión de Asistencia Social, Familia y Niñez","Iniciativa de ley para adicionar el capítulo II-Bis, Hospital de Día de las Niñas, Niños y Adolescentes, así como los artículos 1|3-Bis 1, 13-Bis 2, 13-Bis 3, 13-Bis 4, 13-Bis 5, 13-Bis 6, 13-Bis 7, 13-Bis 8, 13-Bis 9, 13-Bis 10, 13-Bis 11, 13-Bis 12, 13-Bis 14, 13-Bis 15, 13-Bis 16, 13-Bis 17, 13-Bis 18, 13-Bis 19, así como el artículo 19 de la Ley de Salud Mental para el estado de Jalisco."
36,3686,42200,2019-12-10,2019-12-20,0,,115,LXII,"Comisión de Asistencia Social, Familia y Niñez","Iniciativa de ley para reformar el último párrafo del artículo 100 de la Ley de los Derechos de Niñas, Niños y Adolescentes en el estado de Jalisco."
37,3592,42084,2019-12-10,2019-12-20,0,,115,LXII,"Comisión de Asistencia Social, Familia y Niñez",Iniciativas de ley para reformar el artículo 44 de la Ley para la Operación de Albergues del estado de Jalisco.
38,4103,42870,2020-02-17,2020-02-27,0,,115,LXII,"Comisión de Asistencia Social, Familia y Niñez",Iniciativa de ley para reformar el artículo 7.° de la Ley de Desarrollo Social para el estado de Jalisco.
39,4112,42879,2020-02-17,2020-02-27,0,,115,LXII,"Comisión de Asistencia Social, Familia y Niñez",Iniciativa de ley para reformar la fracción VIII del artículo 27 de la Ley para la Inclusión y Desarrollo Integral de las Personas con Discapacidad del estado de Jalisco.
40,4368,43193,2020-03-10,2020-03-20,0,,115,LXII,"Comisión de Asistencia Social, Familia y Niñez","Iniciativa de ley para reformar el párrafo segundo del artículo 29 de la Ley de los Derechos de Niñas, Niños y Adolescentes en el estado de Jalisco."
41,4389,43214,2020-03-11,2020-03-21,0,,115,LXII,"Comisión de Asistencia Social, Familia y Niñez","Iniciativa de ley  del Gobernador Constitucional del estado de Jalisco, mediante el  cual se reforman los artículos 142-N y 211 del Código Penal; 580 del Código Civil y 3, 34, 65 y 66 de la Ley de los Derechos de las Niñas, Niños y Adolecentes; todos los anteriores ordenamientos del estado de Jalisco, presentada mediante oficio DIGELAG OF. 108/2020.(F8496)"
42,4524,43383,2020-03-20,2020-03-30,0,,115,LXII,"Comisión de Asistencia Social, Familia y Niñez","Iniciativa de ley para reformar el artículo 86 primer y tercer párrafo de la Ley de los Derechos de Niñas, Niños y Adolescentes; reformar y adicionar los artículos 57, 58, 59, 61 y 65 del Código de Asistencia Social; reformar los artículos 639, 774 segundo párrafo, 775 y 776 del Código Civil; todos ordenamientos del estado de Jalisco."
43,6201,45634,2020-11-13,2020-11-23,0,,115,LXII,"Comisión de Asistencia Social, Familia y Niñez","Iniciativa de ley del diputado Daniel Robles de León,  que adiciona un párrafo al artículo 4 del Código de asistencia Social del estado de Jalisco.(F12269)"
44,6133,45555,2020-11-06,2020-11-16,0,,115,LXII,"Comisión de Asistencia Social, Familia y Niñez","Iniciativa de ley de los diputados  José Hernán Cortés Berumen,  Adenawer González Fierros, Irma Verónica González  Orozco y Carlos Eduardo Sánchez Carrillo, que  reforma el artículo 37 de la Ley de los Derechos de Niñas, Niños y Adolescentes en el Estado de Jalisco.(F12095)"
45,6141,45563,2020-11-06,2020-11-16,0,,115,LXII,"Comisión de Asistencia Social, Familia y Niñez","Iniciativa de ley de los diputados  Gustavo Macías Zambrano, Irma de Anda Licea, José Hernán Cortes Berumen, Carlos Eduardo Sánchez Carrillo, Irma Verónica González Orozco, Jorge Eduardo González Arana y José de Jesús Hurtado Torres que reforma los artículos 33, 42, 65, 66 y 74 de la Ley de los Derechos de Niñas, Niños y Adolescentes del Estado de Jalisco.(F12108)"
46,6093,45444,2020-10-30,2020-11-09,0,,115,LXII,"Comisión de Asistencia Social, Familia y Niñez","Iniciativa de Ley de la diputada Irma de Anda Licea, que reforma el artículo 42 de la Ley de los Derechos de Niñas, Niños y Adolescentes en el Estado de Jalisco.(F11841)"
47,6112,45475,2020-10-30,2020-11-09,0,,115,LXII,"Comisión de Asistencia Social, Familia y Niñez","Iniciativa de ley del diputado José Hernán Cortés Berumen, que reforma el artículo 2 bis de la Ley de Protección y Atención de los Migrantes en el estado de Jalisco, así como el artículo 68 de la Ley de los Derechos de Niñas, Niños y Adolescentes en el Estado de Jalisco.(F11864)"
48,5892,45210,2020-10-15,2020-10-25,0,,115,LXII,"Comisión de Asistencia Social, Familia y Niñez","Iniciativa de ley de la diputada  María Patricia Meza Núñez, que reforma y adiciona el artículo 47 de la Ley que Regula los Centros de Atención Infantil en el Estado de Jalisco.(F11380)"
49,5890,45208,2020-10-15,2020-10-25,0,,115,LXII,"Comisión de Asistencia Social, Familia y Niñez","Iniciativa de ley de la diputada  María Patricia Meza Núñez, que adiciona el artículo 35 de la de la Ley para la Operación de Albergues del Estado de Jalisco.(F11378)"
50,5889,45207,2020-10-15,2020-10-25,0,,115,LXII,"Comisión de Asistencia Social, Familia y Niñez","Iniciativa  de ley de la diputada  María Patricia Meza Núñez, que  reforma y adiciona el artículo 33 de la de la Ley para la Operación de Albergues del Estado de Jalisco.(F11377)"
51,5887,45205,2020-10-15,2020-10-25,0,,115,LXII,"Comisión de Asistencia Social, Familia y Niñez","Iniciativa de ley de la diputada  María Patricia Meza Núñez, que adiciona el artículo 25 de la Ley que Regula los Centros de Atención Infantil en el Estado de Jalisco.(F11375)"
52,5886,45204,2020-10-15,2020-10-25,0,,115,LXII,"Comisión de Asistencia Social, Familia y Niñez","Iniciativa de ley de la diputada  María Patricia Meza Núñez, que reforma el artículo 25 de la Ley que crea la Industria Jalisciense de Rehabilitación Social.(F11374)"
53,5875,45193,2020-10-15,2020-10-25,0,,115,LXII,"Comisión de Asistencia Social, Familia y Niñez","Iniciativa de ley de la diputada  María Patricia Meza Núñez, que reforma y adiciona el artículo 7 de la Ley que Regula los Centros de Atención Infantil en el Estado de Jalisco.(F11363)"
54,5874,45192,2020-10-15,2020-10-25,0,,115,LXII,"Comisión de Asistencia Social, Familia y Niñez","Iniciativa de ley de la diputada  María Patricia Meza Núñez, que adiciona el artículo 6 de la Ley para el Desarrollo Integral del Adulto Mayor del Estado de Jalisco.(F11362)"
55,5863,45181,2020-10-15,2020-10-25,0,,115,LXII,"Comisión de Asistencia Social, Familia y Niñez","Iniciativa   de ley de la diputada  María Patricia Meza Núñez, que  adiciona el artículo 13 de la Ley para el Fomento y Participación de las Organizaciones de la Sociedad Civil en el Estado de Jalisco.(F11351)"
56,5916,45240,2020-10-15,2020-10-25,0,,115,LXII,"Comisión de Asistencia Social, Familia y Niñez","Iniciativa de ley de la diputada  María Patricia Meza Núñez, que   adiciona el artículo 96 de la Ley de los Derechos de Niñas, Niños y Adolescentes en el Estado de Jalisco.(F11406)"
57,6593,46379,2021-03-16,2021-03-26,0,,115,LXII,"Comisión de Asistencia Social, Familia y Niñez","Iniciativa de decreto del diputado Gustavo Macías Zambrano, que crea el Consejo Ciudadano de Políticas Familiares del Estado de Jalisco.(F13784)"
58,4072,42809,2020-02-07,2020-02-17,0,,116,LXII,"Comisión de Competitividad, Desarrollo Económico,",Iniciativa de ley para reformar los artículos 94 y 98 de la Ley del Instituto de Pensiones del estado de Jalisco.
59,4450,43303,2020-03-18,2020-03-28,0,,116,LXII,"Comisión de Competitividad, Desarrollo Económico,",Iniciativa de ley para adicionar la fracción XXXI al artículo 55 de la Ley para los Servidores Públicos del estado de Jalisco y sus municipios.
60,4461,43314,2020-03-18,2020-03-28,0,,116,LXII,"Comisión de Competitividad, Desarrollo Económico,",Iniciativa de ley para reformar los artículos 55 y 143 de la Ley para los Servidores Públicos del estado de Jalisco y sus municipios.
61,4468,43321,2020-03-18,2020-03-28,0,,116,LXII,"Comisión de Competitividad, Desarrollo Económico,","Iniciativa de ley para reformar los artículos 12, 15 y 166 de la Ley del Instituto de Pensiones del estado de Jalisco."
62,4875,43835,2020-06-02,2020-06-12,0,,116,LXII,"Comisión de Competitividad, Desarrollo Económico,",Iniciativa de ley que expide la Ley de Trabajo Comunitario del estado de Jalisco.
63,6077,45426,2020-10-30,2020-11-09,0,,116,LXII,"Comisión de Competitividad, Desarrollo Económico,","Iniciativa de ley de la diputada María Patricia Meza Núñez, que  adiciona el artículo 44 quáter de la Ley para los Servidores Públicos del Estado de Jalisco sus Municipios.(F11790)"
64,5844,45153,2020-10-15,2020-10-25,0,,116,LXII,"Comisión de Competitividad, Desarrollo Económico,","Iniciativa de ley del diputado José Hernán Cortés Berumen, que  reforma el artículo 143 de la Ley para los Servidores Públicos del Estado de Jalisco y sus Municipios.(F11326)"
65,5899,45217,2020-10-15,2020-10-25,0,,116,LXII,"Comisión de Competitividad, Desarrollo Económico,","Iniciativa de ley de la diputada  María Patricia Meza Núñez, que  reforma y adiciona el artículo 56 de la Ley Para Los Servidores Públicos del Estado de Jalisco y sus Municipios.(F11387)"
66,5898,45216,2020-10-15,2020-10-25,0,,116,LXII,"Comisión de Competitividad, Desarrollo Económico,","Iniciativa   de ley de la diputada  María Patricia Meza Núñez, que  adiciona el artículo 46 Bis de la Ley para los Servidores Públicos del Estado de Jalisco y sus Municipios.(F11386)"
67,5873,45191,2020-10-15,2020-10-25,0,,116,LXII,"Comisión de Competitividad, Desarrollo Económico,","Iniciativa de ley de la diputada  María Patricia Meza Núñez, que adiciona el artículo 10 de la Ley para la Promoción de Inversiones en el Estado de Jalisco.(F11361)"
68,5869,45187,2020-10-15,2020-10-25,0,,116,LXII,"Comisión de Competitividad, Desarrollo Económico,","Iniciativa  de ley de la diputada  María Patricia Meza Núñez, que  adiciona el artículo 49 de la Ley para el Ejercicio de las Actividades Profesionales del Estado de Jalisco.(F11357)"
69,5870,45188,2020-10-15,2020-10-25,0,,116,LXII,"Comisión de Competitividad, Desarrollo Económico,","Iniciativa  de ley de la diputada  María Patricia Meza Núñez, que adiciona el artículo 56 de la Ley para el Desarrollo Económico del Estado de Jalisco.(F11358)"
70,5866,45184,2020-10-15,2020-10-25,0,,116,LXII,"Comisión de Competitividad, Desarrollo Económico,","Iniciativa   de ley de la diputada  María Patricia Meza Núñez, que adiciona el artículo 39 de la Ley para el Desarrollo Económico del Estado de Jalisco.(F11354)"
71,5918,45242,2020-10-15,2020-10-25,0,,116,LXII,"Comisión de Competitividad, Desarrollo Económico,","Iniciativa de ley de la diputada  María Patricia Meza Núñez, que adiciona el artículo 20 de la Ley de Proyectos de Inversión y de Prestación de Servicios del estado de Jalisco y sus Municipios.(F11408)"
72,5919,45243,2020-10-15,2020-10-25,0,,116,LXII,"Comisión de Competitividad, Desarrollo Económico,","Iniciativa de ley de la diputada  María Patricia Meza Núñez, que adiciona el artículo el artículo 19 de la Ley de mejora Regulatoria del Estado de Jalisco y sus Municipios.(F11409)"
73,6220,45672,2020-12-01,2020-12-11,0,,116,LXII,"Comisión de Competitividad, Desarrollo Económico,","Iniciativa de ley de los diputados José Hernán Cortés Berumen, Adenawer González Fierros, Irma Verónica González Orozco y Carlos Eduardo Sánchez Carrillo, que reforma el artículo 92 de la Ley para el ejercicio de las Actividades Profesionales del estado de Jalisco.(F12297)"
74,4066,42803,2020-02-07,2020-02-17,0,,117,LXII,Comisión de Derechos Humanos y Pueblos Originarios,Iniciativa de ley para adicionar la fracción XV y recorrer la fracción XIV del artículo 5.° de la Ley de Protección y Atención de los Migrantes en el estado de Jalisco.
75,4521,43380,2020-03-20,2020-03-30,0,,117,LXII,Comisión de Derechos Humanos y Pueblos Originarios,Iniciativa de ley para reformar el artículo 9.° de la Ley del Centro de Atención para las Víctimas del Delito del estado de Jalisco.
76,5872,45190,2020-10-15,2020-10-25,0,,117,LXII,Comisión de Derechos Humanos y Pueblos Originarios,"Iniciativa de ley de la diputada  María Patricia Meza Núñez, que adiciona el artículo 78 de la Ley sobre los Derechos y el Desarrollo de los Pueblos y las Comunidades Indígenas del Estado de Jalisco.(F11360)"
77,5871,45189,2020-10-15,2020-10-25,0,,117,LXII,Comisión de Derechos Humanos y Pueblos Originarios,"Iniciativa de ley de la diputada  María Patricia Meza Núñez, que adiciona el artículo 71 de la Ley sobre los Derechos y el Desarrollo de los Pueblos y las Comunidades Indígenas del Estado de Jalisco.(F11359)"
78,5867,45185,2020-10-15,2020-10-25,0,,117,LXII,Comisión de Derechos Humanos y Pueblos Originarios,"Iniciativa   de ley de la diputada  María Patricia Meza Núñez, que adiciona el artículo 44 Bis de la Ley sobre los Derechos y el Desarrollo de los Pueblos y las Comunidades Indígenas del Estado de Jalisco.(F11355)"
79,5912,45236,2020-10-15,2020-10-25,0,,117,LXII,Comisión de Derechos Humanos y Pueblos Originarios,"Iniciativa de ley de la diputada  María Patricia Meza Núñez, que   adiciona el artículo 13 de la Ley Estatal para Prevenir, Combatir y Erradicar la Trata de Personas.(F11402)"
80,4105,42872,2020-02-17,2020-02-27,0,,118,LXII,Comisión de Desarrollo Productivo y Regional,Iniciativa de ley para reformar el artículo 22 fracción XXII y adicionar un párrafo tercero y cuarto al artículo 132 de la Ley de Desarrollo Rural Sustentable del estado de Jalisco.
81,6608,46414,2021-03-22,2021-04-01,0,,118,LXII,Comisión de Desarrollo Productivo y Regional,"Iniciativa de ley de la diputada Claudia Murguia Torres, que reforma el artículo 3 y se adiciona un Capítulo XIII al Título Tercero denominado “De los Animales de Granja” con los artículos los artículos 62 septies, 62 octies, 62 nonies y 62 decies al capítulo XIII del Título Tercero de la Ley de Protección y Cuidado de los Animales del Estado de Jalisco.(F13828)"
82,4025,42729,2020-02-06,2020-02-16,0,,119,LXII,"Comisión de Educación, Cultura y Deporte","Iniciativa de decreto del Gobernador Constitucional del Estado de Jalisco, mediante el cual se declara el año 2020 como ""2020, año de la Acción por el Clima"" presentada mediante oficio DIGELAG OF. 058/2020"
83,4073,42810,2020-02-07,2020-02-17,0,,119,LXII,"Comisión de Educación, Cultura y Deporte","Iniciativa de decreto para declarar el año 2020 como ""2020, año de la Paz, la Seguridad, el Medio Ambiente y el Bienestar Social en Jalisco""."
84,4074,42811,2020-02-07,2020-02-17,0,,119,LXII,"Comisión de Educación, Cultura y Deporte","Iniciativa de decreto para declarar el tercer miércoles del mes de febrero de cada año como el ""Día Estatal de la reconstrucción mamaria"""
85,4078,42815,2020-02-07,2020-02-17,0,,119,LXII,"Comisión de Educación, Cultura y Deporte",Iniciativa de ley para reformar el artículo 93 y 95 en su párrafo tercero de la Ley de Cultura Física y Deporte del estado de Jalisco.
86,4270,43070,2020-03-02,2020-03-12,0,,119,LXII,"Comisión de Educación, Cultura y Deporte",Iniciativa de ley para reformar el artículo 123 primer párrafo de la Ley de Educación del estado de Jalisco.
87,4271,43071,2020-03-02,2020-03-12,0,,119,LXII,"Comisión de Educación, Cultura y Deporte","Iniciativa de decreto mediante el cual se declara el día último de febrero de cada año como el ""Día Estatal de las Enfermedades Raras"""
88,4277,43077,2020-03-02,2020-03-12,0,,119,LXII,"Comisión de Educación, Cultura y Deporte","Iniciativa de decreto por la que se declara el día 2 de marzo de cada año como ""Día Estatal del Cuidador Principal"""
89,4280,43080,2020-03-02,2020-03-12,0,,119,LXII,"Comisión de Educación, Cultura y Deporte",Iniciativa de ley para adicionar al artículo 6.° las fracciones IX y X de la Ley de Atención a la Juventud del estado de Jalisco.
90,4292,43092,2020-03-02,2020-03-12,0,,119,LXII,"Comisión de Educación, Cultura y Deporte","Iniciativa de ley para reformar los artículos 14, añadiendo la fracción XIII y recorrer las subsecuentes, y 140 añadiendo la fracción XIX recorriendo las subsecuentes de la Ley de Educación del estado de Jalisco."
91,4445,43298,2020-03-18,2020-03-28,0,,119,LXII,"Comisión de Educación, Cultura y Deporte",Iniciativa de ley para adicionar la fracción XX al artículo 11 de la Ley de Atención a la Juventud del estado de Jalisco.
92,4447,43300,2020-03-18,2020-03-28,0,,119,LXII,"Comisión de Educación, Cultura y Deporte","Iniciativa de decreto mediante la cual se declara el día 2 de abril como ""Día Estatal de la Concienciación Sobre el Autismo"" iluminando edificios y monumentos emblemáticos de color azul."
93,4973,43971,2020-06-22,2020-07-02,0,,119,LXII,"Comisión de Educación, Cultura y Deporte",Iniciativa de ley para reformar el artículo 144 de la Ley de Educación del Estado Libre y Soberano de Jalisco.
94,4977,43975,2020-06-22,2020-07-02,0,,119,LXII,"Comisión de Educación, Cultura y Deporte",Iniciativa de ley que abroga la Ley Orgánica del Instituto Cultural Cabañas y expide la nueva Ley Orgánica del Instituto Cultural Cabañas.
95,6209,45643,2020-11-13,2020-11-23,0,,119,LXII,"Comisión de Educación, Cultura y Deporte","Iniciativa de ley de la diputada Mara Nadiezhda Robles Villaseñor, que reforma el artículo 5 y adiciona fracción I  de la Ley de Cultura Física y Deporte para el estado de Jalisco (F12278)"
96,6139,45561,2020-11-06,2020-11-16,0,,119,LXII,"Comisión de Educación, Cultura y Deporte","Iniciativa de ley de los diputados  Gustavo Macias Zambrano, Irma Verónica González Orozco,  Irma de Anda Licea, José Hernán Cortes Berumen, Carlos Eduardo Sánchez Carrillo,  Jorge Eduardo González Arana y José de Jesús Hurtado Torres, que   reforma el artículo 125 de la Ley de Educación del Estado Libre y Soberano de Jalisco.(F12106)"
97,6107,45470,2020-10-30,2020-11-09,0,,119,LXII,"Comisión de Educación, Cultura y Deporte","Iniciativa de ley de los diputados Esteban Estrada Ramírez y Salvador Caro Cabrera, que crea la Ley de Filmaciones del estado de Jalisco y reforma diversos artículos de la Ley de Fomento a la Cultura y de la Ley Orgánica del Poder ejecutivo, ambos ordenamientos del estado de Jalisco.(F11850)"
98,5883,45201,2020-10-15,2020-10-25,0,,119,LXII,"Comisión de Educación, Cultura y Deporte","Iniciativa de ley de la diputada  María Patricia Meza Núñez, que adiciona reforma el artículo 20 de la Ley que establece las Bases para el Otorgamiento de Premios y Condecoraciones en el Estado de Jalisco.(F11371)"
99,5882,45200,2020-10-15,2020-10-25,0,,119,LXII,"Comisión de Educación, Cultura y Deporte","Iniciativa de ley de la diputada  María Patricia Meza Núñez, que adiciona el artículo 11 de la Ley que establece las Bases para el Otorgamiento de Premios y Condecoraciones en el Estado de Jalisco.(F11370)"
100,5879,45197,2020-10-15,2020-10-25,0,,119,LXII,"Comisión de Educación, Cultura y Deporte","Iniciativa  de ley de la diputada  María Patricia Meza Núñez, que adiciona el artículo 10 de la Ley que crea el Instituto de la Infraestructura Física Educativa del Estado de Jalisco.(F11367)"
101,5388,44493,2020-09-03,2020-09-13,0,,119,LXII,"Comisión de Educación, Cultura y Deporte","Iniciativa de ley de la diputada Irma de Anda Licea, que reforma el artículo 17 de la Ley que establece las Bases para el Otorgamiento de Premios y Condecoraciones en el Estado de Jalisco.(F.10479)"
102,5865,45183,2020-10-15,2020-10-25,0,,119,LXII,"Comisión de Educación, Cultura y Deporte","Iniciativa   de ley de la diputada  María Patricia Meza Núñez, que adicional el artículo 30 de la Ley Orgánica de la Universidad de Guadalajara.(F11353)"
103,5862,45180,2020-10-15,2020-10-25,0,,119,LXII,"Comisión de Educación, Cultura y Deporte","Iniciativa   de ley de la diputada  María Patricia Meza Núñez, que adicional el artículo 13 de la Ley Orgánica de la Universidad Politécnica de la Zona Metropolitana.(F11350)"
104,5861,45179,2020-10-15,2020-10-25,0,,119,LXII,"Comisión de Educación, Cultura y Deporte","Iniciativa   de ley de la diputada  María Patricia Meza Núñez, que adicional el artículo 11 de la Ley Orgánica de la  Universidad Tecnológica de la Zona Metropolitana de Guadalajara.(F11349)"
105,5860,45178,2020-10-15,2020-10-25,0,,119,LXII,"Comisión de Educación, Cultura y Deporte","Iniciativa   de ley de la diputada  María Patricia Meza Núñez, que adicional el artículo 11 de la Ley Orgánica del Colegio de Estudios Científicos y Tecnológicos del Estado de Jalisco.(F11348)"
106,5859,45177,2020-10-15,2020-10-25,0,,119,LXII,"Comisión de Educación, Cultura y Deporte","Iniciativa   de ley de la diputada  María Patricia Meza Núñez, que adicional el artículo 10 de la Ley Orgánica de la Universidad Tecnológica de Jalisco.(F11347)"
107,6569,46321,2021-03-16,2021-03-26,0,,119,LXII,"Comisión de Educación, Cultura y Deporte","Iniciativa de decreto de los diputados  Estaban Estrada Ramírez Se declara el 13 de octubre de cada año como: “Día Estatal de la Donación de Alimentos"".(F13717)"
108,6591,46377,2021-03-16,2021-03-26,0,,119,LXII,"Comisión de Educación, Cultura y Deporte","Iniciativa de ley del diputado Gustavo Macías Zambrano, que reforma los artículos 55, 60, 73, 75, 81, 95 y 118 de la Ley de Educación del Estado Libre y Soberano y de Jalisco.(F13782)"
109,6615,46423,2021-03-22,2021-04-01,0,,119,LXII,"Comisión de Educación, Cultura y Deporte","Iniciativa de ley del diputado Carlos Eduardo Sánchez Carrillo, que reforma la fracción II del artículo 47 de la Ley de Cultura Física y Deporte del Estado de Jalisco. (F13889)"
110,6620,46437,2021-03-22,2021-04-01,0,,119,LXII,"Comisión de Educación, Cultura y Deporte","Iniciativa de decreto del diputado José Juan Soltero Meza, por el que se declara como ""2021, Año del Bicentenario de la Consumación de la Independencia de México"".(F13932)"
111,3993,42667,2020-02-06,2020-02-16,0,,120,LXII,Comisión de Estudios Legislativos y Reglamentos,Iniciativa de ley del diputado Adenawer González Fierros que reforma el artículo 4 de la Ley del Gobierno y la Administración Pública Municipal del Estado de Jalisco.(F7680)
112,4064,42801,2020-02-07,2020-02-17,0,,120,LXII,Comisión de Estudios Legislativos y Reglamentos,"Iniciativa de ley para reformar la denominación del Capítulo I, del Título Cuarto para quedar ""Procedimiento para la Elección de Magistrados del Supremo Tribunal de Justicia del Estado"" adicionar la fracción IX, y recorrer la numeración de las fracciones IX en adelante, del artículo 16 del Reglamento de la Ley Orgánica del Poder Legislativo del estado de Jalisco."
113,4107,42874,2020-02-17,2020-02-27,0,,120,LXII,Comisión de Estudios Legislativos y Reglamentos,"Iniciativa de ley para adicionar el párrafo segundo y se recorren los existentes al artículo 41 de la Ley del Registro Civil y reformar el artículo 103 de la Ley de Salud, ambos ordenamientos del estado de Jalisco"
114,4113,42880,2020-02-17,2020-02-27,0,,120,LXII,Comisión de Estudios Legislativos y Reglamentos,"Iniciativa de ley para derogar el artículo 19 y reformar el artículo 26, ambos de la Ley del Notariado del estado de Jalisco."
115,4117,42884,2020-02-17,2020-02-27,0,,120,LXII,Comisión de Estudios Legislativos y Reglamentos,Iniciativa de ley para reformar el artículo 102 de la Ley del Gobierno y la Administración Pública Municipal del estado de Jalisco.
116,4121,42888,2020-02-17,2020-02-27,0,,120,LXII,Comisión de Estudios Legislativos y Reglamentos,"Iniciativa de ley para reformar los artículos 101, 104, 145, 147 y 149 todos de la Ley Orgánica del Poder Legislativo del estado de Jalisco; reformar los artículos 47, 48, 49, 50, 51, 52, 53, 54, 55 y 56 todos del Reglamento de la Ley Orgánica del Poder Legislativo del estado de Jalisco."
117,4122,42889,2020-02-17,2020-02-27,0,,120,LXII,Comisión de Estudios Legislativos y Reglamentos,Iniciativa de ley para reformar los artículos 67 y 68 del Reglamento de la Ley Orgánica del Poder Legislativo del estado de Jalisco.
118,4279,43079,2020-03-02,2020-03-12,0,,120,LXII,Comisión de Estudios Legislativos y Reglamentos,Iniciativa de ley para reformar los artículos 79 y 91 de la Ley Orgánica del Poder Legislativo del estado de Jalisco.
119,4286,43086,2020-03-02,2020-03-12,0,,120,LXII,Comisión de Estudios Legislativos y Reglamentos,"Iniciativa de ley que crea la Ley de Comunicación, Difusión y Publicidad Oficial para el estado de Jalisco."
120,4294,43094,2020-03-02,2020-03-12,0,,120,LXII,Comisión de Estudios Legislativos y Reglamentos,Iniciativa de ley para reformar el artículo 8.° de la Ley del Registro Público de la Propiedad del estado de Jalisco.
121,4295,43095,2020-03-02,2020-03-12,0,,120,LXII,Comisión de Estudios Legislativos y Reglamentos,Iniciativa de ley para reformar el artículo 65 de la Ley del Gobierno y la Administración Pública Municipal del estado de Jalisco.
122,4297,43097,2020-03-02,2020-03-12,0,,120,LXII,Comisión de Estudios Legislativos y Reglamentos,"Iniciativa de ley para adicionar una fracción XVII, recorriéndose la actual y pasando a ser la XVIII del artículo 23 de la Ley Orgánica del Poder Ejecutivo del estado de Jalisco."
123,4363,43188,2020-03-10,2020-03-20,0,,120,LXII,Comisión de Estudios Legislativos y Reglamentos,Iniciativa de ley para adicionar un artículo 195-Bis y la fracción V al artículo 202 del Reglamento de la Ley Orgánica del Poder Legislativo del estado de Jalisco.
124,4364,43189,2020-03-10,2020-03-20,0,,120,LXII,Comisión de Estudios Legislativos y Reglamentos,Iniciativa de ley para reformar la fracción II del artículo 142 y adicionar un párrafo sexto al artículo 147 de la Ley Orgánica del Poder Legislativo del estado de Jalisco.
125,4370,43195,2020-03-10,2020-03-20,0,,120,LXII,Comisión de Estudios Legislativos y Reglamentos,"Iniciativa de ley para reformar los artículos 17, 23, 25, 31 y 38 de la Ley Orgánica del Poder Ejecutivo; reformar el artículo 14 de la Ley de Educación; reformar los artículos 2.°, 9.°, 26, 28, 28-Bis, 29, 32, 34 y  40 de la Ley de Acceso de las Mujeres a una Vida Libre de Violencia; reformar el artículo 81 de la Ley del Registro Civil; adicionar el artículo 267-Ter, la fracción XI al artículo 268 y la fracción IV al artículo 381 del Código Civil, todos ordenamientos del estado de Jalisco."
126,4373,43198,2020-03-10,2020-03-20,0,,120,LXII,Comisión de Estudios Legislativos y Reglamentos,Iniciativa de ley para reformar el párrafo tercero del artículo 54 y adicionar el párrafo segundo al artículo 58 de la Ley Orgánica del Poder Legislativo del estado de Jalisco.
127,4374,43199,2020-03-10,2020-03-20,0,,120,LXII,Comisión de Estudios Legislativos y Reglamentos,Iniciativa de ley para reformar la fracción II del artículo 36 y adicionar un tercer párrafo al artículo 60 de la Ley del Gobierno y la Administración Pública Municipal del estado de Jalisco.
128,4379,43204,2020-03-10,2020-03-20,0,,120,LXII,Comisión de Estudios Legislativos y Reglamentos,Iniciativa de ley para reformar el artículo 18 de la Ley Orgánica del Instituto Jalisciense de la Vivienda del estado de Jalisco.
129,4381,43206,2020-03-10,2020-03-20,0,,120,LXII,Comisión de Estudios Legislativos y Reglamentos,Iniciativa de ley para reformar el artículo 94 del Reglamento de la Ley Orgánica del Poder Legislativo del estado de Jalisco.
130,4455,43308,2020-03-18,2020-03-28,0,,120,LXII,Comisión de Estudios Legislativos y Reglamentos,"Iniciativa de ley para reformar los artículos 20, 37, 70, 142, 145 y 147-Bis de la Ley del Gobierno y la Administración Pública Municipal del estado de Jalisco."
131,4460,43313,2020-03-18,2020-03-28,0,,120,LXII,Comisión de Estudios Legislativos y Reglamentos,"Iniciativa de ley para reformar los artículos 20, 22 y 26 de la Ley Orgánica del Instituto Jalisciense de Ciencias Forenses, Dr. Jesús Mario Rivas Souza."
132,4465,43318,2020-03-18,2020-03-28,0,,120,LXII,Comisión de Estudios Legislativos y Reglamentos,Iniciativa de ley para reformar el artículo 148 de la Ley del Notariado del estado de Jalisco.
133,4466,43319,2020-03-18,2020-03-28,0,,120,LXII,Comisión de Estudios Legislativos y Reglamentos,Iniciativa de ley para reformar el artículo 16 de la Ley Orgánica de la Agencia de Energía del estado de Jalisco.
134,4523,43382,2020-03-20,2020-03-30,0,,120,LXII,Comisión de Estudios Legislativos y Reglamentos,Iniciativa de ley para reformar el artículo 8.° de la Ley del Registro Civil del estado de Jalisco.
135,4873,43833,2020-06-02,2020-06-12,0,,120,LXII,Comisión de Estudios Legislativos y Reglamentos,Iniciativa de ley para reformar el artículo 16 de la Ley Orgánica del Tribunal de Justicia Administrativa del estado de Jalisco.
136,4871,43831,2020-06-02,2020-06-12,0,,120,LXII,Comisión de Estudios Legislativos y Reglamentos,Iniciativa de ley para derogar la fracción II del artículo 20 de la Ley Orgánica del Sistema Jalisciense de Radio y Televisión.
137,4872,43832,2020-06-02,2020-06-12,0,,120,LXII,Comisión de Estudios Legislativos y Reglamentos,"Iniciativa de ley para derogar la fracción II del artículo 8.° y la fracción I del artículo 11, de la Ley del Registro Público de la Propiedad del estado de Jalisco."
138,4974,43972,2020-06-22,2020-07-02,0,,120,LXII,Comisión de Estudios Legislativos y Reglamentos,Iniciativa de ley para reformar la fracción V del artículo 47 y las fracciones VIII y IX del artículo 80 de la Ley Orgánica del Poder Legislativo.
139,5135,44207,2020-07-23,2020-08-02,0,,120,LXII,Comisión de Estudios Legislativos y Reglamentos,"Iniciativa de ley para adicionar al artículo 107-Ter de la Constitución Política; adicionar al artículo 9.° de la Ley del Sistema Anticorrupción; reformar y adicionar al artículo 65 de la Ley Orgánica del Poder Legislativo; reformar y adicionar a los artículos 3.°, 4.°, 32, 33 y 52 de la Ley de Fiscalización Superior y Rendición de Cuentas del estado de Jalisco y sus municipios; todos ordenamientos del estado de Jalisco."
140,5137,44209,2020-07-23,2020-08-02,0,,120,LXII,Comisión de Estudios Legislativos y Reglamentos,"Iniciativa de ley para reformar y adicionar los artículos 59; 68, 68-Quinquies, 68-Sexties, 68-Septies, 80,  106, y reformar la denominación del Capítulo VIII, de la Ley del Sistema de Seguridad Pública para el estado de Jalisco."
141,5138,44210,2020-07-23,2020-08-02,0,,120,LXII,Comisión de Estudios Legislativos y Reglamentos,Iniciativa de ley que expide la Ley para el Desarrollo Integral de las Juventudes del estado de Jalisco; y abroga la Ley de Atención a la Juventud del estado de Jalisco.
142,5140,44212,2020-07-23,2020-08-02,0,,120,LXII,Comisión de Estudios Legislativos y Reglamentos,Iniciativa de ley para adicionar el artículo 47-Bis a la Ley del Registro Civil del estado de Jalisco.
143,5142,44214,2020-07-23,2020-08-02,0,,120,LXII,Comisión de Estudios Legislativos y Reglamentos,Iniciativa de ley para reformar el artículo 33-Sexties y adicionar el artículo 33-Septies de la Ley del Gobierno y la Administración Pública Municipal del estado de Jalisco.
144,5143,44215,2020-07-23,2020-08-02,0,,120,LXII,Comisión de Estudios Legislativos y Reglamentos,Iniciativa de ley para reformar el artículo 18 de la Ley para el Fomento y la Participación de las Organizaciones de la Sociedad Civil en el estado de Jalisco.
145,5144,44216,2020-07-23,2020-08-02,0,,120,LXII,Comisión de Estudios Legislativos y Reglamentos,Iniciativa de ley para reformar los artículos 37 y 64 del Código de Asistencia Social del estado de Jalisco.
146,6207,45641,2020-11-13,2020-11-23,0,,120,LXII,Comisión de Estudios Legislativos y Reglamentos,"Iniciativa de ley de la diputada Mara Nadiezhda Robles Villaseñor, que  reforma el artículo 200 fracción III de la Ley Orgánica del Poder Legislativo del Estado y  reforma el artículo 16, fracción IV del Reglamento de la Ley Orgánica del Poder Legislativo del Estado de Jalisco.(F12276)"
147,6069,45418,2020-10-15,2020-10-25,0,,120,LXII,Comisión de Estudios Legislativos y Reglamentos,"Iniciativa de ley del diputado Edgar Enrique Velázquez González, que reforma las fracciones XII y XVI del artículo 16 y la fracción XV del artículo 18 del Reglamento de la Ley Orgánica del Poder Legislativo del Estado de Jalisco.(F.11786)"
148,5885,45203,2020-10-15,2020-10-25,0,,120,LXII,Comisión de Estudios Legislativos y Reglamentos,"Iniciativa de ley de la diputada  María Patricia Meza Núñez, que adiciona el artículo 21 de la Ley Orgánica del Sistema Jalisciense de Radio y Televisión.(F11373)"
149,5877,45195,2020-10-15,2020-10-25,0,,120,LXII,Comisión de Estudios Legislativos y Reglamentos,"Iniciativa de ley de la diputada  María Patricia Meza Núñez, que adicional el artículo 9 de la Ley Orgánica del Organismo Público Descentralizado denominado “Agencia Integral de Regulación de Emisiones”.(F11365)"
150,5876,45194,2020-10-15,2020-10-25,0,,120,LXII,Comisión de Estudios Legislativos y Reglamentos,"Iniciativa de ley de la diputada  María Patricia Meza Núñez, que adicional el artículo 8 de la Ley Orgánica del Organismo Público Descentralizado denominado Centro de Coordinación, Comando, Control, Comunicaciones y Cómputo del Estado de Jalisco.(F11364)"
151,5304,44407,2020-09-03,2020-09-13,0,,120,LXII,Comisión de Estudios Legislativos y Reglamentos,"Iniciativa de ley del diputado Daniel Robles de León, que reforma el artículo 200 fracción I y II, y adiciona la fracción III de la Ley Orgánica; y reforma el artículo 16, fracción IV del Reglamento de la Ley Orgánica, ambos ordenamientos del Poder Legislativo del Estado de Jalisco.(F10454)"
152,5864,45182,2020-10-15,2020-10-25,0,,120,LXII,Comisión de Estudios Legislativos y Reglamentos,"Iniciativa   de ley de la diputada  María Patricia Meza Núñez, que adicional el artículo 15 de la Ley Orgánica del Instituto de Información Estadística y Geográfica del Estado de Jalisco.(F11352)"
153,5387,44491,2020-09-03,2020-09-13,0,,120,LXII,Comisión de Estudios Legislativos y Reglamentos,"Iniciativa de ley  de la diputada Irma de Anda Licea, que reforma  las fracciones XXXII, XXXVII, XXXVIII, XLIII, XLVII del numeral 1, del Artículo 17, fracción IX del numeral 1 del Artículo 23, fracciones XIV, XX, XXVII, XXIX, y XXXI del numeral 1 del Artículo 25 de la Ley Orgánica del Poder Ejecutivo del Estado de Jalisco.(F.10478)"
154,5858,45176,2020-10-15,2020-10-25,0,,120,LXII,Comisión de Estudios Legislativos y Reglamentos,"Iniciativa   de ley de la diputada  María Patricia Meza Núñez, que adiciona el artículo 9 de la Ley Orgánica del Sistema Jalisciense de Radio y Televisión.(F11346)"
155,5857,45175,2020-10-15,2020-10-25,0,,120,LXII,Comisión de Estudios Legislativos y Reglamentos,"Iniciativa de ley de la diputada  María Patricia Meza Núñez, que adicional el artículo 9 de la Ley Orgánica de la Agencia Estatal de Entretenimiento de Jalisco.(F11345)"
156,5856,45174,2020-10-15,2020-10-25,0,,120,LXII,Comisión de Estudios Legislativos y Reglamentos,"Iniciativa   de ley de la diputada  María Patricia Meza Núñez, que adicional el artículo 8 de la Ley Orgánica de la Agencia para el Desarrollo de Industrias Creativas y Digitales del Estado de Jalisco.(F11344)"
157,5855,45173,2020-10-15,2020-10-25,0,,120,LXII,Comisión de Estudios Legislativos y Reglamentos,"Iniciativa de ley de la diputada  María Patricia Meza Núñez,  que adicional el artículo 7 de la Ley Orgánica de la Agencia de Energía del Estado de Jalisco.(F11343)"
158,5854,45172,2020-10-15,2020-10-25,0,,120,LXII,Comisión de Estudios Legislativos y Reglamentos,"Iniciativa   de ley de la diputada  María Patricia Meza Núñez,  que  adicional el artículo 7 de la Ley Orgánica del Instituto Cultural Cabañas.(F11342)"
159,6595,46381,2021-03-16,2021-03-26,0,,120,LXII,Comisión de Estudios Legislativos y Reglamentos,"Iniciativa de ley del diputado Gustavo Macías Zambrano, que  reforma el artículo 81 de la Ley Orgánica del Poder Legislativo.(F13786)"
160,6623,46449,2021-03-22,2021-04-01,0,,120,LXII,Comisión de Estudios Legislativos y Reglamentos,"Iniciativa de ley del Honorable Ayuntamiento Constitucional de Guadalajara, Jalisco, que reforma el artículo 103 de la Ley del Gobierno y la Administración Pública Municipal del estado de Jlaisco.(F13931)"
161,4077,42814,2020-02-07,2020-02-17,0,,122,LXII,Comisión de Gobernación y Fortalecimiento Municipa,"Iniciativa de decreto que tiene por objeto autorizar el cambio de sede del Congreso del estado de Jalisco, al municipio de Ocotlán, Jalisco, el día 6 de marzo de 2020; a efecto de celebrar una sesión solemne para conmemorar el 490 aniversario de la fundación del municipio de Ocotlán, Jalisco."
162,4114,42881,2020-02-12,2020-02-22,0,,122,LXII,Comisión de Gobernación y Fortalecimiento Municipa,Iniciativa de ley para reformar el artículo primero del 27812.
163,4126,42901,2020-02-27,2020-03-08,0,,122,LXII,Comisión de Gobernación y Fortalecimiento Municipa,"Iniciativa decreto del diputado  José Hernán Cortés Berumen que  autoriza el cambio de sede del Congreso del Estado de Jalisco al municipio de Acatic, Jalisco, el día 10 de octubre de 2020, a efecto de celebrar una sesión solemne para conmemorar el 200 Aniversario de que Acatic se erigió como municipio.(F8113)"
164,4293,43093,2020-03-02,2020-03-12,0,,122,LXII,Comisión de Gobernación y Fortalecimiento Municipa,"Iniciativa de decreto que autoriza el cambio transitorio de sede del Congreso del estado de Jalisco, a la explanada del Parque Bicentenario Puente de Calderón del municipio de Zapotlanejo, Jalisco, el día 15 de enero del 2021; a efecto de celebrar sesión solemne para conmemorar el 210 aniversario de la Heroica Batalla del Puente de Calderón."
165,4241,43031,2020-03-02,2020-03-12,0,,122,LXII,Comisión de Gobernación y Fortalecimiento Municipa,"Iniciativa de decreto que autoriza el cambio de horario de la sesión del Congreso del Estado de Jalisco en la Plaza de Armas del Municipio de Ocotlán, el día 06 de marzo de 2020 a las 12:00 horas."
166,6581,46355,2021-03-16,2021-03-26,0,,122,LXII,Comisión de Gobernación y Fortalecimiento Municipa,"Iniciativa de decreto de la diputada María Esther López Chávez, que tiene por objeto actualizar el cambio de sede del Congreso del Estado, a la Casa de la Cultura del Municipio de El Limón el día 08 de junio del 2021; a efecto de celebrar una sesión solemne para conmemorar el 100 Aniversario de la Fundación del Municipio de El Limón, Jalisco.(F13747)"
167,4108,42875,2020-02-17,2020-02-27,0,,123,LXII,"Comisión de Higiene, Salud Pública y Prevención de","Iniciativa de ley para reformar los artículos 34 en sus fracciones XII, XIII y adicionar XIV, 44, 45, 163-Bis y adicionando los artículos 46-A y 46-B, así como el Capítulo IV de la Atención Integral Contra el Cáncer Infantil, al Título Tercero que contiene los artículos 106-A, 106-B, 106-C, 106-D, 106-E, 106-F, 106-G, 106-H, 106-I, 106-J y 106-K de la Ley de Salud del estado de Jalisco."
168,4274,43074,2020-03-02,2020-03-12,0,,123,LXII,"Comisión de Higiene, Salud Pública y Prevención de",Iniciativa de ley para reformar el artículo 18 de la Ley de Salud del estado de Jalisco.
169,4285,43085,2020-03-02,2020-03-12,0,,123,LXII,"Comisión de Higiene, Salud Pública y Prevención de","Iniciativa de ley para reformar los artículos 140, 141, 149, 155 y 160 de la Ley de Salud del estado de Jalisco."
170,4362,43187,2020-03-10,2020-03-20,0,,123,LXII,"Comisión de Higiene, Salud Pública y Prevención de","Iniciativa de ley para reformar la fracción XII al artículo 34, la fracción VI; adicionar una  fracción VII al artículo 95 de la Ley de Salud del estado de Jalisco."
171,4376,43201,2020-03-10,2020-03-20,0,,123,LXII,"Comisión de Higiene, Salud Pública y Prevención de",Iniciativa de ley para adicionar el numeral 2 al artículo 178 de la Ley de Salud del estado de Jalisco.
172,4390,43215,2020-03-12,2020-03-22,0,,123,LXII,"Comisión de Higiene, Salud Pública y Prevención de","Iniciativa de ley  del Gobernador Constitucional del estado de Jalisco, que deroga el artículo 7 de la Ley de Salud del Estado de Jalisco,  abroga la Ley del Organismo Público Descentralizado denominado Régimen estatal de Protección Social en Salud de Jalisco y establece las bases para la liquidación y extinción del Organismo Público Descentralizado denominado Régimen Estatal de Protección Social en Salud de Jalisco, presentada mediante oficio DIGELAG OF. 132/2020.(F8495)"
173,4520,43379,2020-03-20,2020-03-30,0,,123,LXII,"Comisión de Higiene, Salud Pública y Prevención de",Iniciativa de ley para reformar el artículo 20 de la Ley para Regular la Venta y el Consumo de Bebidas Alcohólicas del estado de Jalisco.
174,6134,45556,2020-11-06,2020-11-16,0,,123,LXII,"Comisión de Higiene, Salud Pública y Prevención de","Iniciativa de ley de los diputados  José Hernán Cortés Berumen,  Adenawer González Fierros, Irma Verónica González  Orozco y Carlos Eduardo Sánchez Carrillo, que  reforma el artículo 149 de la Ley de Salud del Estado de Jalisco.(F12096)"
175,6135,45557,2020-11-06,2020-11-16,0,,123,LXII,"Comisión de Higiene, Salud Pública y Prevención de","Iniciativa de ley de los diputados  José Hernán Cortés Berumen,  Adenawer González Fierros, Irma Verónica González  Orozco y Carlos Eduardo Sánchez Carrillo ,que  reforma los artículos 100, 103 y 105 de la Ley de Salud del Estado de Jalisco.(F12097)"
176,6146,45568,2020-11-06,2020-11-16,0,,123,LXII,"Comisión de Higiene, Salud Pública y Prevención de","Iniciativa de ley de la diputada Mirza Flores Gómez que reforma los artículo 185, numeral 1, y 190 numeral 1; así como se adiciona un título octavo bis denominado “regulación del bienestar físico obtenido a través de procedimientos médicos quirúrgicos estéticos y de tratamientos médicos estéticos”, integrado por los artículos 242 bis, 242 ter y 242 quater, a la Ley de Salud del Estado de Jalisco.(F12111)"
177,5891,45209,2020-10-15,2020-10-25,0,,123,LXII,"Comisión de Higiene, Salud Pública y Prevención de","Iniciativa de ley de la diputada  María Patricia Meza Núñez, que adiciona el artículo 44 de la Ley para Regular la Venta y el Consumo de Bebidas Alcohólicas del Estado de Jalisco.(F11379)"
178,5878,45196,2020-10-15,2020-10-25,0,,123,LXII,"Comisión de Higiene, Salud Pública y Prevención de","Iniciativa  de ley de la diputada  María Patricia Meza Núñez, que adiciona el artículo 11 de Ley para las Personas con Trastorno del Espectro del Autismo en el Estado de Jalisco.(F11366)"
179,5909,45233,2020-10-15,2020-10-25,0,,123,LXII,"Comisión de Higiene, Salud Pública y Prevención de","Iniciativa de ley de la diputada  María Patricia Meza Núñez, que adiciona el artículo 165 de la Ley de Salud del Estado de Jalisco.(F11399)"
180,5913,45237,2020-10-15,2020-10-25,0,,123,LXII,"Comisión de Higiene, Salud Pública y Prevención de","Iniciativa de ley de la diputada  María Patricia Meza Núñez, que  adiciona el artículo 229 de la Ley de Salud del Estado de Jalisco.(F11403)"
181,5914,45238,2020-10-15,2020-10-25,0,,123,LXII,"Comisión de Higiene, Salud Pública y Prevención de","Iniciativa de ley de la diputada  María Patricia Meza Núñez, que  adiciona el artículo 212 de la Ley de Salud del Estado de Jalisco.(F11404)"
182,5922,45246,2020-10-15,2020-10-25,0,,123,LXII,"Comisión de Higiene, Salud Pública y Prevención de","Iniciativa de ley de la diputada  María Patricia Meza Núñez, que  adiciona el artículo 203 de la Ley de Salud del Estado de Jalisco.(F11412)"
183,6606,46412,2021-03-22,2021-04-01,0,,123,LXII,"Comisión de Higiene, Salud Pública y Prevención de","Iniciativa de ley de la diputada Ma. Elizabeth Alcaraz Virgen, que reforma los artículos 34 y 45 de la Ley de Salud del Estado de Jalisco.(F13863)"
184,4289,43089,2020-03-02,2020-03-12,0,,124,LXII,Comisión de Igualdad Sustantiva y de Género,"Iniciativa de ley para reformar el artículo 33 fracción II de la Ley Estatal para Promover la Igualdad, Prevenir y Eliminar la Discriminación en el estado de Jalisco."
185,4377,43202,2020-03-10,2020-03-20,0,,124,LXII,Comisión de Igualdad Sustantiva y de Género,"Iniciativa de ley para reformar el artículo 33 fracción I, II incisos a), b), c), d), e), f), g) y agregar la fracción IV de la Ley Estatal para Promover la Igualdad, Prevenir y Eliminar la Discriminación en el estado de Jalisco."
186,4449,43302,2020-03-18,2020-03-28,0,,124,LXII,Comisión de Igualdad Sustantiva y de Género,"Iniciativa de ley para reformar los artículos 26, 28 y 34, y se crea al Capítulo VIII del Título Tercero, adicionando los artículos 65, 66, 67 y 68, todos de la Ley de Acceso de las Mujeres a una Vida Libre de Violencia del estado de ,Jalisco."
187,4876,43836,2020-06-03,2020-06-13,0,,124,LXII,Comisión de Igualdad Sustantiva y de Género,"Iniciativa de ley para reformar el artículo 11, adicionar los artículos 41-Bis y 57-G de la Ley de Acceso de las Mujeres a una Vida Libre de Violencia; reformar y adicionar los artículos 1.°, 2.°, 3.°, 5.°, 8.°, 11, 24, 79-Bis, 115, 120, 121, 134, 136, 211, 236, 260, 446, 446-Bis, 447, 452, 458, 459; adicionar un capítulo décimo tercero Bis, 459-Bis y 705 del Código Electoral; reformar el artículo 46 y adicionar al artículo 52 a la Ley de Responsabilidades Políticas y Administrativas; reformar y adicionar los artículos 22, 55, 56 y 56-Bis de la Ley para los Servidores Público del estado de Jalisco y sus municipios; reformar el artículo 8.° de la Ley Orgánica de la Fiscalía del estado; todos ordenamientos del estado de Jalisco."
188,6132,45554,2020-11-06,2020-11-16,0,,124,LXII,Comisión de Igualdad Sustantiva y de Género,"Iniciativa de ley de los diputados  José Hernán Cortés Berumen,  Adenawer González Fierros, Irma Verónica González  Orozco y Carlos Eduardo Sánchez Carrillo, que reforma los artículos 11, 23 y 30 de la Ley de acceso de las Mujeres a una vida libre de Violencia del estado de Jalisco.(F12094)"
189,6114,45477,2020-10-30,2020-11-09,0,,124,LXII,Comisión de Igualdad Sustantiva y de Género,"Iniciativa de ley de los diputados Adenawer González Fierros y José Hernán Cortés Berumen, que reforma el artículo 13 de la Ley para la Protección y Apoyo de las Madres Jefas de Familia del Estado de Jalisco.(F11872)"
190,5901,45219,2020-10-15,2020-10-25,0,,124,LXII,Comisión de Igualdad Sustantiva y de Género,"Iniciativa de ley de la diputada  María Patricia Meza Núñez, que adiciona el artículo 21 de la Ley para la Protección y Apoyo de las Madres Jefas de Familias del Estado de Jalisco.(F11389)"
191,5884,45202,2020-10-15,2020-10-25,0,,124,LXII,Comisión de Igualdad Sustantiva y de Género,"Iniciativa de ley de la diputada  María Patricia Meza Núñez, que adiciona el artículo 19 de Ley para la Prevención y Atención de la Violencia Intrafamiliar del Estado de Jalisco.(F11372)"
192,5888,45206,2020-10-15,2020-10-25,0,,124,LXII,Comisión de Igualdad Sustantiva y de Género,"Iniciativa de ley de la diputada  María Patricia Meza Núñez, que adiciona el artículo 32 de la Ley  Para la Prevención y Atención de la Violencia  Intrafamiliar del estado de Jalisco.(F11376)"
193,5911,45235,2020-10-15,2020-10-25,0,,124,LXII,Comisión de Igualdad Sustantiva y de Género,"Iniciativa de ley de la diputada  María Patricia Meza Núñez, que  adiciona el artículo 37 de la Ley Estatal para Promover la Igualdad, Prevenir y Eliminar la Discriminación en el Estado de Jalisco.(F11401)"
194,4070,42807,2020-02-07,2020-02-17,0,,125,LXII,Comisión de Movilidad y Transporte,"Iniciativa de ley para reformar el artículo Sexto Transitorio del decreto 27260/LXII/19, que establece la fecha de aplicación de las infracciones y medidas de seguridad señaladas en los artículos 169 fracción V y 185 fracciones II, III y IV de la Ley de Movilidad y Transporte del estado de Jalisco, respecto al Programa de Verificación Vehicular obligatorio."
195,4116,42883,2020-02-17,2020-02-27,0,,125,LXII,Comisión de Movilidad y Transporte,"Iniciativa de ley para reformar el artículo 174, párrafos tercero y cuarto de la Ley de Movilidad y Transporte del estado de Jalisco."
196,4365,43190,2020-03-10,2020-03-20,0,,125,LXII,Comisión de Movilidad y Transporte,"Iniciativa de ley para reformar los artículos 85, 87, 122, 138, 139, 140, 146, 169, 174 y 188; adicionar los artículos 138-Bis y 195-Ter de la Ley de Movilidad y Transporte; así como reformar el artículo 19 de la Ley Orgánica del Poder Ejecutivo, ambos ordenamientos del estado de Jalisco."
197,4472,43325,2020-03-18,2020-03-28,0,,125,LXII,Comisión de Movilidad y Transporte,Iniciativa de ley para adicionar la fracción XIV al artículo 83-Sexies de la Ley de Movilidad y Transporte del estado de Jalisco.
198,4870,43830,2020-06-02,2020-06-12,0,,125,LXII,Comisión de Movilidad y Transporte,"Iniciativa de ley para reformar las fracciones XV y XVI, y adicionar una fracción XVII al artículo 191 de la Ley de Movilidad y Transporte del estado de Jalisco."
199,4971,43969,2020-06-22,2020-07-02,0,,125,LXII,Comisión de Movilidad y Transporte,Iniciativa de ley para adicionar una fracción III al artículo 216 de la Ley de Movilidad y Transporte del estado de Jalisco.
200,4972,43970,2020-06-22,2020-07-02,0,,125,LXII,Comisión de Movilidad y Transporte,"Iniciativa de ley para reformar los artículos 5.°, 21 y 172 de la Ley de Movilidad y Transporte del estado de Jalisco; y reformar los artículos 207 y 259 del Código Penal para el Estado Libre y Soberano de Jalisco."
201,5134,44206,2020-07-24,2020-08-03,0,,125,LXII,Comisión de Movilidad y Transporte,Iniciativa de ley para reformar el artículo 126 de la Ley de Movilidad y Transporte del estado de Jalisco.
202,6071,45420,2020-10-30,2020-11-09,0,,125,LXII,Comisión de Movilidad y Transporte,"Iniciativa de ley del diputado Jonadab Martínez García, que reforma los artículos 198, 215 y 216 de la Ley de Movilidad y Transporte del Estado de Jalisco, se reforman los artículos 9 y 29 de la Ley de Justicia Administrativa del Estado de Jalisco, se reforma el segundo párrafo del artículo 142 de la Ley del Procedimiento Administrativo del Estado de Jalisco.(F11777)"
203,6070,45419,2020-10-30,2020-11-09,0,,125,LXII,Comisión de Movilidad y Transporte,"Iniciativa de ley del diputado Jonadab Martínez García, que  reforma el artículo 83 Sexies de la Ley de Movilidad y Transporte del Estado de Jalisco.(F11776)"
204,5915,45239,2020-10-15,2020-10-25,0,,125,LXII,Comisión de Movilidad y Transporte,"Iniciativa de ley de la diputada  María Patricia Meza Núñez, que adiciona el artículo 153 C de la Ley de Movilidad y Transporte del Estado de Jalisco.(F11405)"
205,5145,44217,2020-07-24,2020-08-03,0,,126,LXII,"Comisión de Medio Ambiente, Sostenibilidad, Protec",Iniciativa de ley para reformar el artículo 22 y adicionar la fracción IX del artículo 10 de la Ley de Desarrollo Forestal Sustentable para el estado de Jalisco.
206,5868,45186,2020-10-15,2020-10-25,0,,126,LXII,"Comisión de Medio Ambiente, Sostenibilidad, Protec","Iniciativa de ley de la diputada  María Patricia Meza Núñez, que adiciona el artículo 45 Bis de la Ley para la acción ante el Cambio Climático del Estado de Jalisco.(F11356)"
207,5917,45241,2020-10-15,2020-10-25,0,,126,LXII,"Comisión de Medio Ambiente, Sostenibilidad, Protec","Iniciativa de ley de la diputada  María Patricia Meza Núñez, que    adiciona el artículo 32 de la Ley de Protección Civil del Estado de Jalisco.(F11407)"
208,5920,45244,2020-10-15,2020-10-25,0,,126,LXII,"Comisión de Medio Ambiente, Sostenibilidad, Protec","Iniciativa de ley de la diputada  María Patricia Meza Núñez, que      adiciona el artículo 15 de la Ley de Protección y Cuidado de los Animales del Estado de Jalisco.(F11410)"
209,3587,42079,2019-11-15,2019-11-24,20,2019-12-14,127,LXII,"Comisión de Participación Ciudadana, Transparencia","Iniciativas de ley para reformar los artículos 31, 35, 41, 43, 53, 54 y 58 de la Ley de Transparencia y Acceso a la Información Pública del estado de Jalisco y sus municipios; reformar el artículo 55 de la Ley para los Servidores Públicos del estado de Jalisco y sus municipios."
210,3587,42079,2020-02-24,2020-03-05,0,,127,LXII,"Comisión de Participación Ciudadana, Transparencia","Iniciativas de ley para reformar los artículos 31, 35, 41, 43, 53, 54 y 58 de la Ley de Transparencia y Acceso a la Información Pública del estado de Jalisco y sus municipios; reformar el artículo 55 de la Ley para los Servidores Públicos del estado de Jalisco y sus municipios."
211,4221,42996,2020-02-27,2020-03-08,0,,127,LXII,"Comisión de Participación Ciudadana, Transparencia","Iniciativa de ley del diputado Gustavo Macías Zambrano, que reforma los artículo 8 y 12 de la Ley de Transparencia y Acceso a la Información Pública del Estado de Jalisco y sus Municipios.(F8157)"
212,5956,45280,2020-10-16,2020-10-26,0,,127,LXII,"Comisión de Participación Ciudadana, Transparencia","Iniciativa de ley de la diputada  María Patricia Meza Núñez, que adiciona un segundo párrafo al numeral 1 del artículo 29 de la Ley de Transparencia y Acceso a la Información Pública del Estado de Jalisco y sus Municipios.(F11448)"
213,5943,45267,2020-10-16,2020-10-26,0,,127,LXII,"Comisión de Participación Ciudadana, Transparencia","Iniciativa de ley de la diputada  María Patricia Meza Núñez, que adiciona el artículo 17 de la Ley del Sistema de Participación Ciudadana y Popular para la Gobernanza del Estado de Jalisco.(F11435)"
214,5921,45245,2020-10-16,2020-10-26,0,,127,LXII,"Comisión de Participación Ciudadana, Transparencia","Iniciativa de ley de la diputada  María Patricia Meza Núñez, que      adiciona el artículo 53 de la Ley de Transparencia y Acceso a la Información Pública del Estado de Jalisco y sus Municipios.(F11411)"
215,5902,45220,2020-10-16,2020-10-26,0,,127,LXII,"Comisión de Participación Ciudadana, Transparencia","Iniciativa de ley de la diputada Mariana Fernández Ramírez, que reforma el artículo 32 de la Ley del Sistema de Participación Ciudadana y Popular para la Gobernanza del Estado de Jalisco.(F11393)"
216,1626,38599,2019-06-12,2019-06-22,0,,127,LXII,"Comisión de Participación Ciudadana, Transparencia","Iniciativa de ley de la diputada Irma de Anda Licea, que reforma los artículos 9 y 10 de la Ley de Transparencia y Acceso a la Información Pública del Estado de Jalisco y sus Municipios.(F2885)"
217,2057,40141,2019-07-24,2019-08-03,0,,127,LXII,"Comisión de Participación Ciudadana, Transparencia","Iniciativa de ley de la Diputada Irma de Anda Licea, que reforma el artículo 48 de la Ley de Transparencia y Acceso a la Información Pública del Estado de Jalisco y sus Municipios.(F3627)"
218,5444,44571,2020-09-30,2020-10-10,0,,127,LXII,"Comisión de Participación Ciudadana, Transparencia","Iniciativa de ley del diputado José Hernán Cortés Berumen, que reforma los artículos 11, 11bis y 11 ter de la Ley de Transparencia y Acceso a la Información Pública del estado de Jalisco y sus Municipios.(F10623)"
219,667,37318,2019-02-20,2019-03-02,0,,127,LXII,"Comisión de Participación Ciudadana, Transparencia","Iniciativa de ley del Gobernador Constitucional del Estado de Jalisco, con carácter de preferente, por el que se expide la Ley del Sistema de Participación Ciudadana y Gobernanza del estado de Jalisco; Cambia la denominación del Código Electoral y de Participación Social del Estado de Jalisco a Código Electoral del Estado de Jalisco, se derogan la fracción IV del artículo 1, fracción XIV del artículo 2, los artículos 210-A 210-B, 210-C, 210-D, 445-Ñ, 445-O, 445-P, 445-Q, 445-R, 445-S, así como el libro quinto denominado ""De la Participación Social"", al cual le corresponden los artículos 385 al 445; y se reforman los artículos 114, 115 fracción II, 134 fracciones XXX, XXXV y XLII, 501 fracción IV, 596 punto 3, 601 fracción II, 602 fracción I, III y IV del citado Código Electoral, presentada mediante oficio DIGELAG OF. 070/2019. (F1167)"
220,5493,44646,2020-09-03,2020-09-13,0,,127,LXII,"Comisión de Participación Ciudadana, Transparencia","Iniciativa de ley de la diputada Irma de Anda Licea, que reforma el numeral 6 del artículo 19 de la Ley de Protección de Datos Personales en Posesión de Sujetos Obligados del Estado de Jalisco y sus Municipios.(F10699)"
221,5897,45215,2020-10-15,2020-10-25,0,,128,LXII,"Comisión de Planeación, Ordenamiento Territorial y","Iniciativa  de ley de la diputada  María Patricia Meza Núñez, que adiciona el artículo 9 de la Ley que crea el Sistema de Agua Potable y Alcantarillado de Unión de Tula, Jalisco.(F11385)"
222,5896,45214,2020-10-15,2020-10-25,0,,128,LXII,"Comisión de Planeación, Ordenamiento Territorial y","Iniciativa  de ley de la diputada  María Patricia Meza Núñez, que adiciona el artículo 9 de la Ley que crea el Sistema de Agua Potable y Alcantarillado de Degollado, Jalisco.(F11384)"
223,5895,45213,2020-10-15,2020-10-25,0,,128,LXII,"Comisión de Planeación, Ordenamiento Territorial y","Iniciativa  de ley de la diputada  María Patricia Meza Núñez, que adiciona el artículo 9 de la Ley que crea el Sistema de Agua Potable y Alcantarillado de Casimiro, Jalisco.(F11383)"
224,5894,45212,2020-10-15,2020-10-25,0,,128,LXII,"Comisión de Planeación, Ordenamiento Territorial y","Iniciativa de ley de la diputada  María Patricia Meza Núñez, que adiciona el artículo 8 de la Ley que crea el Organismo Público Descentralizado del Poder Ejecutivo denominado Sistema Intermunicipal de los Servicios de Agua Potable y Alcantarillado.(F11382)"
225,5881,45199,2020-10-15,2020-10-25,0,,128,LXII,"Comisión de Planeación, Ordenamiento Territorial y","Iniciativa de ley de la diputada  María Patricia Meza Núñez, que adiciona el artículo 12 de la Ley para la Regularización y Titulación de Predios Urbanos en el Estado de Jalisco.(F11369)"
226,5910,45234,2020-10-15,2020-10-25,0,,128,LXII,"Comisión de Planeación, Ordenamiento Territorial y","Iniciativa de ley de la diputada  María Patricia Meza Núñez, que adiciona el artículo 13 de la Ley de Planeación Participativa para el Estado de Jalisco y sus Municipios.(F11400)"
227,6587,46369,2021-03-16,2021-03-26,0,,128,LXII,"Comisión de Planeación, Ordenamiento Territorial y","Iniciativa de ley de la diputada Priscila Franco Barba,  que  reforma la fracción XIII y  XIV, y adiciona la fracción XV al artículo 150; se reforma el capítulo VIII del Título Noveno, para agrupar en secciones de la Primera a la Sexta los actuales artículos 311 a 334, y se adiciona la Sección Séptima De la Acción Urbanística por Reagrupamiento de Predios, con la adición de los artículos 335 bis, 335 ter, 335 quater, 335 quinquies y 335 sexies, todos los anteriores correspondientes al Código Urbano del Estado de Jalisco, Se adiciona el Título Primero BIS al Libro Segundo de la Ley de Hacienda Municipal del Estado de Jalisco De las Contribuciones Especiales consistente en un Capítulo Único y su correspondiente artículo 131 ter.(F13773)"
228,6592,46378,2021-03-16,2021-03-26,0,,128,LXII,"Comisión de Planeación, Ordenamiento Territorial y","Iniciativa de ley del diputado Gustavo Macías Zambrano, que  reforma los artículos 3º, 18, 19, 21, 23, 46, 56, 63, 73 y 75 de la Ley de Planeación Participativa del Estado de Jalisco y sus Municipios.(F13783)"
229,4061,42798,2020-02-07,2020-02-17,0,,129,LXII,Comisión de Puntos Constitucionales y Electorales,"Iniciativa de ley para reformar los artículos 17 numeral 2, 24 numeral 3, 134 fracción VI y adicionar un numeral 4 al artículo 237 del Código Electoral del estado de Jalisco."
230,4071,42808,2020-02-07,2020-02-17,0,,129,LXII,Comisión de Puntos Constitucionales y Electorales,"Iniciativa de ley para reformar los artículos 21, 37, 59, 63, 74 y 108 de la Constitución Política del estado de Jalisco."
231,4076,42813,2020-02-07,2020-02-17,0,,129,LXII,Comisión de Puntos Constitucionales y Electorales,"Iniciativa de ley para reformar los artículos 6.°, 13, 18, 19, 20, 21, 22, 23, 73, 74 y 76 de la Constitución Política del estado de Jalisco, así como los artículos 5.°, 6.°, 7.°, 7.°-Bis, 8.°, 9.°, 10, 11, 12, 14, 15, 16, 17, 18, 19, 20, 24, 25, 26, 27 y 28 del Código Electoral del estado de Jalisco."
232,4109,42876,2020-02-17,2020-02-27,0,,129,LXII,Comisión de Puntos Constitucionales y Electorales,Iniciativa de ley para adicionar la fracción VIII al artículo 207 del Código Penal para el Estado Libre y Soberano de Jalisco.
233,4110,42877,2020-02-17,2020-02-27,0,,129,LXII,Comisión de Puntos Constitucionales y Electorales,"Iniciativa de ley para reformar el inciso D) de la fracción III, del artículo 19 del Código Electoral del estado de Jalisco."
234,4111,42878,2020-02-17,2020-02-27,0,,129,LXII,Comisión de Puntos Constitucionales y Electorales,Iniciativa de ley para reformar el artículo 61 del Código Civil del estado de Jalisco.
235,4115,42882,2020-02-17,2020-02-27,0,,129,LXII,Comisión de Puntos Constitucionales y Electorales,Iniciativa de ley para adicionar al Título Décimo Sexto el Capítulo XI con el artículo 232-Ter al Código Penal para el Estado Libre y Soberano de Jalisco.
236,4119,42886,2020-02-17,2020-02-27,0,,129,LXII,Comisión de Puntos Constitucionales y Electorales,Iniciativa de ley para reformar el artículo 179 y adicionar el artículo 179-Ter del Código Penal del Estado Libre y Soberano del estado de Jalisco.
237,4276,43076,2020-03-02,2020-03-12,0,,129,LXII,Comisión de Puntos Constitucionales y Electorales,Iniciativa de ley para adicionar el artículo 151-Bis al Código Penal para el estado Libre y Soberano de Jalisco.
238,4284,43084,2020-03-02,2020-03-12,0,,129,LXII,Comisión de Puntos Constitucionales y Electorales,Iniciativa de ley para reformar el artículo 262 del Código Penal para el estado Libre y Soberano de Jalisco.
239,4287,43087,2020-03-02,2020-03-12,0,,129,LXII,Comisión de Puntos Constitucionales y Electorales,Iniciativa de ley para reformar la fracción I y adicionar la fracción IV al artículo 186 del Código Penal para el estado Libre y Soberano de Jalisco.
240,4288,43088,2020-03-02,2020-03-12,0,,129,LXII,Comisión de Puntos Constitucionales y Electorales,Iniciativa de ley para reformar el párrafo segundo del artículo 778 del Código Civil del estado de Jalisco.
241,4290,43090,2020-03-02,2020-03-12,0,,129,LXII,Comisión de Puntos Constitucionales y Electorales,Iniciativa de ley para reformar el artículo 2665-Bis del Código Civil del estado de Jalisco.
242,4291,43091,2020-03-02,2020-03-12,0,,129,LXII,Comisión de Puntos Constitucionales y Electorales,"Iniciativa de ley para reformar los artículos 423, 426. 539, 540, 541, 542, 2919 y derogar los artículos 543, 544, 545, 546, 550, 2926 y la fracción IV del artículo 597, así como la denominación sección segunda de la adopción simple y adicionar la fracción IX del artículo 598, igualmente el Capítulo III de los modos de acabarse, perderse y suspenderse la patria potestad del Código Civil del estado de Jalisco y los artículos 1027 y 1029 del Código de Procedimientos Civiles del estado de Jalisco."
243,4369,43194,2020-03-10,2020-03-20,0,,129,LXII,Comisión de Puntos Constitucionales y Electorales,Iniciativa de ley para adicionar la fracción IX y reformar el párrafo segundo del artículo 234 del Código Penal para el estado Libre y Soberano de Jalisco.
244,4371,43196,2020-03-10,2020-03-20,0,,129,LXII,Comisión de Puntos Constitucionales y Electorales,Iniciativa de ley para adicionar un tercer párrafo al artículo 46 de la Constitución Política del estado de Jalisco.
245,4372,43197,2020-03-10,2020-03-20,0,,129,LXII,Comisión de Puntos Constitucionales y Electorales,"Iniciativa de ley para reformar el artículo 598, primer párrafo, fracciones II, III, IV primer párrafo, fracción V en sus incisos b), c), d) y adicionar a la fracción V, un inciso e) del Código Civil del estad de Jalisco."
246,4446,43299,2020-03-18,2020-03-28,0,,129,LXII,Comisión de Puntos Constitucionales y Electorales,Iniciativa de ley para reformar la denominación del Capítulo V;  y adicionar un artículo 168-Bis al Código Penal para el Estado Libre y Soberano de Jalisco.
247,4448,43301,2020-03-18,2020-03-28,0,,129,LXII,Comisión de Puntos Constitucionales y Electorales,"Iniciativa de ley para reformar el artículo 154 del Código Penal y 28 de la Ley de Acceso de las Mujeres a una Vida Libre de Violencia, ambos ordenamientos del estado de Jalisco."
248,4451,43304,2020-03-18,2020-03-28,0,,129,LXII,Comisión de Puntos Constitucionales y Electorales,Iniciativa de ley para adicionar un párrafo al artículo 497 del Código Civil del estado de Jalisco.
249,4453,43306,2020-03-18,2020-03-28,0,,129,LXII,Comisión de Puntos Constitucionales y Electorales,Iniciativa de ley para adicionar el artículo 254-Bis al Código Penal para el Estado Libre y Soberano de Jalisco.
250,4454,43307,2020-03-18,2020-03-28,0,,129,LXII,Comisión de Puntos Constitucionales y Electorales,"Iniciativa de ley para reformar los artículos 18 y 73 inciso II y adicionar un inciso d) a la fracción IV del artículo 13, todos ordenamientos de la Constitución Política del estado de Jalisco."
251,4458,43311,2020-03-18,2020-03-28,0,,129,LXII,Comisión de Puntos Constitucionales y Electorales,"Iniciativa de ley para reformar los artículos 97, 107 y 112 de la Constitución Política del estado de Jalisco."
252,4464,43317,2020-03-18,2020-03-28,0,,129,LXII,Comisión de Puntos Constitucionales y Electorales,Iniciativa de ley para reformar el artículo 405-Bis del Código Civil del estado de Jalisco.
253,4519,43378,2020-03-20,2020-03-30,0,,129,LXII,Comisión de Puntos Constitucionales y Electorales,"Iniciativa de ley para adicionar un Capítulo XI denominado ""Del Peligro de Contagio y Propagación de enfermedades"" artículo 232-Ter al Código Penal para el estado Libre y Soberano de Jalisco."
254,4865,43823,2020-06-02,2020-06-12,0,,129,LXII,Comisión de Puntos Constitucionales y Electorales,"Iniciativa de ley de la diputada Irma de Anda Lícea, que adiciona el artículo 577 Bis al Código Civil del Estado de Jalisco.(F9431)"
255,4975,43973,2020-06-24,2020-07-04,0,,129,LXII,Comisión de Puntos Constitucionales y Electorales,Iniciativa de ley para reformar los artículos 2842 y 2843; adicionar un artículo 2841-Bis al Código Civil del estado de Jalisco.
256,5136,44208,2020-07-23,2020-08-02,0,,129,LXII,Comisión de Puntos Constitucionales y Electorales,Iniciativa de ley para adicionar el artículo 232-Ter del Código Penal para el estado de Jalisco.
257,5139,44211,2020-07-23,2020-08-02,0,,129,LXII,Comisión de Puntos Constitucionales y Electorales,Iniciativa de ley para reformar el artículo 1266 y adicionar los artículos 1266-Bis y 1266-Ter del Código Civil del estado de Jalisco.
258,5141,44213,2020-07-23,2020-08-02,0,,129,LXII,Comisión de Puntos Constitucionales y Electorales,"Iniciativa de ley para reformar el inciso A) de la fracción II, del artículo 2041 del Código Civil del estado de Jalisco."
259,5348,44451,2020-09-07,2020-09-17,0,,129,LXII,Comisión de Puntos Constitucionales y Electorales,"Iniciativa de ley de la diputada Irma de Anda Licea, que reforma la fracción VI del artículo 24 de la Ley Estatal para la Igualdad entre Mujeres y Hombres.(F.10392)"
260,5352,44455,2020-09-07,2020-09-17,0,,129,LXII,Comisión de Puntos Constitucionales y Electorales,"iniciativa de ley de la diputada Irma de Anda Licea,  que reforma el artículo 9 fracción XVI y el artículo 107 fracciones I, II y VI de la Ley Estatal del Equilibrio Ecológico y la Protección al Ambiente.(F10396)"
261,5353,44456,2020-09-07,2020-09-17,0,,129,LXII,Comisión de Puntos Constitucionales y Electorales,"Iniciativa de ley de la diputada Irma de Anda Licea, que reforma el artículo 11 fracción IX y el artículo 28 numeral 4 de la Ley del Sistema de Participación Ciudadana y Popular para la Gobernanza del Estado de Jalisco.(F.10397)"
262,5364,44467,2020-09-07,2020-09-17,0,,129,LXII,Comisión de Puntos Constitucionales y Electorales,"iniciativa de ley de la diputada Irma de Anda Licea, que reforma el inciso “d” de la fracción X del artículo 2 Bis, la fracción XIII del artículo 9 y el inciso “b” del artículo 18 Ley Estatal para Prevenir, Combatir y Erradicar la Trata de Personas.(F.10408)"
263,5367,44470,2020-09-07,2020-09-17,0,,129,LXII,Comisión de Puntos Constitucionales y Electorales,"Iniciativa de ley de la diputada Irma de Anda Licea, que reforma el párrafo segundo del numeral 3 del Artículo 24 del Código Electoral del Estado de Jalisco.(F.10458)"
264,5374,44477,2020-09-07,2020-09-17,0,,129,LXII,Comisión de Puntos Constitucionales y Electorales,"Iniciativa de ley de la diputada Irma de Anda Licea, que reforma la fracción  V del artículo 5 de la Ley de Atención a Víctimas del Estado de Jalisco.(F10465)"
265,6140,45562,2020-11-06,2020-11-16,0,,129,LXII,Comisión de Puntos Constitucionales y Electorales,"Iniciativa de ley de los diputados  Gustavo Macías Zambrano,  José Hernán Cortes Berumen, Irma de Anda Licea, Jorge Eduardo González Arana, Irma Verónica González Orozco, Carlos Eduardo Sánchez Carrillo y José de Jesús Hurtado Torres, que reforma el artículo 4° de la Constitución Política del Estado de Jalisco.(F12107)"
266,6079,45428,2020-10-30,2020-11-09,0,,129,LXII,Comisión de Puntos Constitucionales y Electorales,"Iniciativa de ley de la diputada Pricilla Franco Barba,  que reforma los artículos 176 ter y 188 del Código Penal para el  Estado Libre y Soberano de Jalisco.(F11791)"
267,6078,45427,2020-10-30,2020-11-09,0,,129,LXII,Comisión de Puntos Constitucionales y Electorales,"Iniciativa de ley  de la diputada  Ana Lidia Sandoval García, que reforma el artículo 136, párrafo 2 y deroga la fracción X del párrafo 1 del artículo 2; el inciso a, de la fracción XXXVIII del párrafo 1 del artículo 134 y el inciso a de la fracción XX del párrafo 1 del artículo 137 del Código Electoral del Estado de Jalisco.(F11792)"
268,6122,45501,2020-10-30,2020-11-09,0,,129,LXII,Comisión de Puntos Constitucionales y Electorales,"Iniciativa de ley  del Gobernador Constitucional del estado de Jalisco, que reforma el artículo 120 de la Constitución Política de los estados Unidos Mexicanos, presentada mediante oficio DIGELAG OF. 545/2020.(F11931)"
269,5900,45218,2020-10-15,2020-10-25,0,,129,LXII,Comisión de Puntos Constitucionales y Electorales,"Iniciativa de ley de la diputada  María Patricia Meza Núñez, que adiciona el artículo 103 Bis y del Capítulo I Bis, al Título Décimo Segundo de la Ley Reglamentaria del artículo 117 Bis de la Constitución Política del Estado de Jalisco.(F11388)"
270,5893,45211,2020-10-15,2020-10-25,0,,129,LXII,Comisión de Puntos Constitucionales y Electorales,"Iniciativa  de ley de la diputada  María Patricia Meza Núñez, que reforma el artículo 7 de la Ley Reglamentaria del artículo 117 Bis de la Constitución Política del Estado de Jalisco.(F11381)"
271,6063,45411,2020-10-15,2020-10-25,0,,129,LXII,Comisión de Puntos Constitucionales y Electorales,"Iniciativa de ley de los diputados Héctor Pizano Ramos y Edgar Enrique Velázquez González, que reforma los artículos 504, 507, 548, 609, 634, 661 y 677, se adiciona al Título Séptimo del Libro Séptimo, el capítulo único denominado “Procedimiento Electrónico”, se adiciona el Título Séptimo Bis denominado “Juicio Para la Protección de los Derechos Político Electorales del Ciudadano”, todos del Código Electoral del Estado de Jalisco.(F11759)"
272,5389,44494,2020-09-03,2020-09-13,0,,129,LXII,Comisión de Puntos Constitucionales y Electorales,"Iniciativa de ley de la diputada Irma de Anda Licea, que reforma el numeral 2 del Artículo 19 de la Ley Reglamentaria del Artículo 117 Bis de la Constitución Política del Estado de Jalisco.(F10480)"
273,5905,45228,2020-10-15,2020-10-25,0,,129,LXII,Comisión de Puntos Constitucionales y Electorales,"Iniciativa de ley del diputado Gerardo Quirino Velázquez Chávez que adiciona el artículos 406 bis, del Código Civil del Estado de Jalisco.(F11397)"
274,6600,46398,2021-03-16,2021-03-26,0,,129,LXII,Comisión de Puntos Constitucionales y Electorales,"Iniciativa de ley de la diputada Sofía Berenice García Mosqueda, que  reforma los artículos 27 y 175, se derogan los artículos 142-L y 142-M, se modifica la denominación del título décimo primero, adicionando el capítulo I bis, al mismo título, y los artículos 173 Bis y 175 Bis, todos del Código Penal del Estado Libre y Soberano de Jalisco.(F13813)"
275,6611,46417,2021-03-22,2021-04-01,0,,129,LXII,Comisión de Puntos Constitucionales y Electorales,"Iniciativa de ley de la diputada Rosa Angélica Fregoso Franco, que  deroga la fracción X y XI del Artículo 219 del Código Penal del Estado de Jalisco, se agrega el titulo décimo sexto bis, capítulo único artículo 232-Ter y 232-quater en materia de crímenes de odio.(F13819)"
276,4366,43191,2020-03-10,2020-03-20,0,,131,LXII,Comisión de Responsabilidades,"Iniciativa de ley para adicionar una fracción XVIII al artículo 48, recorriéndose subsecuentemente las ya existentes de la Ley de Responsabilidades Políticas y Administrativas del estado de Jalisco."
277,4467,43320,2020-03-18,2020-03-28,0,,131,LXII,Comisión de Responsabilidades,"Iniciativa de ley para reformar los artículos 36, 37, 38 y 39 de la Ley de Responsabilidad Patrimonial del estado de Jalisco y sus municipios."
278,4862,43818,2020-06-02,2020-06-12,0,,131,LXII,Comisión de Responsabilidades,"Iniciativa de ley que reforma los artículos 2, 6, 7, 9, 10, 11, 18, 21, 23, 27, 28, 29, 30, 37, 39, 41, 43, 46, 47, 48, 52, 56, 60, 61 de la Ley de Responsabilidades Políticas y Administrativas del Estado de Jalisco.(F9429)"
279,5843,45152,2020-10-15,2020-10-25,0,,131,LXII,Comisión de Responsabilidades,"Iniciativa de ley del diputado José Hernán Cortés Berumen, que  reforma los artículos 36, 37, 38, 39 y 40 de la Ley de Responsabilidad Patrimonial del Estado de Jalisco y sus Municipios.(F11325)"
280,4035,42749,2020-02-06,2020-02-16,0,,132,LXII,Comisión de Seguridad y Justicia,"Iniciativa de ley  del Gobernador Constitucional del Estado de Jalisco, por el que se modifican los artículos 3, 15, 17, 18, 18 bis, 19, 24, 26, 27, 68, 70,75, 76, 77, 83, 150, 157, 168, 169, 178, 201, 225, 226, 227, 228, 229, y 230 de la Ley del Sistema de Seguridad Pública para el Estado de Jalisco, presentada mediante oficio DIGELAG OF. 045/2020.(F7843)"
281,4704,31042,2020-02-07,2020-02-17,0,,132,LXI,Comisión de Seguridad y Justicia,"Iniciativa de ley para prevenir, investigar, sancionar y reparar la desaparición forzada de personas y la desaparición de personas cometida por particulares en el estado de Jalisco."
282,5752,32946,2020-02-07,2020-02-17,0,,132,LXI,Comisión de Seguridad y Justicia,Iniciativa de ley que crea la Ley Estatal de Desaparición Forzada de Personas y Desaparición Cometida por Particulares.
283,6528,33956,2020-02-07,2020-02-17,0,,132,LXII,Comisión de Seguridad y Justicia,"Iniciativa de ley para adicionar el Capítulo III-Bis el cual contiene el artículo 120-Bis del Código Civil; adicionar un párrafo al artículo 8.°-Ter de la Ley Orgánica de la Fiscalía General; reformar el artículo 14 de la Ley de Atención a Víctimas; y crea la Ley de Declaración Especial de Ausencia por Desaparición de Personas, todos ordenamientos del estado de Jalisco."
284,49,35525,2020-02-07,2020-02-17,0,,132,LXII,Comisión de Seguridad y Justicia,Iniciativa de ley para la Declaración de Ausencia por Desaparición de Personas del estado de Jalisco.
285,3280,41671,2020-02-07,2020-02-17,0,,132,LXII,Comisión de Seguridad y Justicia,"Iniciativa de ley del Gobernador Constitucional del Estado de Jalisco, que expide la Ley  para la Declaración Especial de Ausencia por Desaparición de Personas del Estado de Jalisco, y que deroga el párrafo tercero del artículo 146 del Código Civil del estado de Jalisco, presentada mediante oficio DIGELAG OF. 675/2019.(F5975)"
286,3281,41672,2020-02-07,2020-02-17,0,,132,LXII,Comisión de Seguridad y Justicia,"Iniciativa de ley del Gobernador Constitucional del Estado de Jalisco, que expide la Ley de Personas Desaparecidas del Estado de Jalisco, y que deroga los artículos 154-A, 1564-B, 154-C,154-D, 154-E, 154-F y 154-G del capítulo XI de la Desaparición Forzada de Personas del título séptimo bis de los delitos Cometidos por Servidores Públicos o Particulares Contra La Integridad Física y Mental de la Personas, del Código Penal para el Estado Libre y Soberano de Jalisco, presentada mediante oficio DIGELAG OF. 674/2019.(F5976)"
287,3282,41673,2020-02-07,2020-02-17,0,,132,LXII,Comisión de Seguridad y Justicia,"Iniciativa de ley del Gobernador Constitucional del Estado de Jalisco, que abroga la Ley de Atención a Victimas del Estado de Jalisco y que expide la Ley de Victimas del estado de Jalisco, presentada mediante oficio DIGELAG OF. 673/2019.(F5977)"
288,4102,42869,2020-02-17,2020-02-27,0,,132,LXII,Comisión de Seguridad y Justicia,Iniciativa de ley para reformar los artículos 28 y 83 de la Ley del Sistema de Seguridad Pública del estado de Jalisco.
289,4104,42871,2020-02-17,2020-02-27,0,,132,LXII,Comisión de Seguridad y Justicia,Iniciativa de ley para adicionar el artículo 5.°-Ter de la Ley de Justicia Alternativa del estado de Jalisco.
290,4120,42887,2020-02-17,2020-02-27,0,,132,LXII,Comisión de Seguridad y Justicia,"Iniciativa de ley para reformar los artículos 9.°, 28 y 30 de la Ley Orgánica de la Fiscalía del estado de Jalisco."
291,4278,43078,2020-03-02,2020-03-12,0,,132,LXII,Comisión de Seguridad y Justicia,Iniciativa de ley para reformar el artículo 8.° de la Ley de Atención a Víctimas del estado de Jalisco.
292,4296,43096,2020-03-02,2020-03-12,0,,132,LXII,Comisión de Seguridad y Justicia,Iniciativa de ley para reformar el artículo 28 de la Ley del Sistema de Seguridad Pública para el estado de Jalisco.
293,4375,43200,2020-03-10,2020-03-20,0,,132,LXII,Comisión de Seguridad y Justicia,Iniciativa de ley para adicionar la fracción XIX al artículo 2.° de la Ley Contra la Delincuencia Organizada del estado de Jalisco.
294,4378,43203,2020-03-10,2020-03-20,0,,132,LXII,Comisión de Seguridad y Justicia,Iniciativa de ley para reformar el artículo 14 de la Ley de Prevención Social de la Violencia y la Delincuencia del estado de Jalisco.
295,4462,43315,2020-03-18,2020-03-28,0,,132,LXII,Comisión de Seguridad y Justicia,Iniciativa de ley para reformar el artículo 198 de la Ley Orgánica del Poder Judicial del estado de Jalisco.
296,4522,43381,2020-03-20,2020-03-30,0,,132,LXII,Comisión de Seguridad y Justicia,"Iniciativa de ley para reformar la fracción III y adicionar la fracción V al artículo 193, reformar el artículo 194 y adicionar un Título Décimo Primero denominado ""Disposiciones Finales"" y el Capítulo I denominado ""Boletín Judicial"", todos de la Ley Orgánica del Poder Judicial del estado de Jalisco."
297,4976,43974,2020-06-22,2020-07-02,0,,132,LXII,Comisión de Seguridad y Justicia,"Iniciativa de ley para reformar los artículos 3.°, 4.°, 5.°, 7.°, 15 y 31; adicionar los artículos 31-Bis, 35-Bis, 39-Bis, 107-Bis y 107-Ter de la Ley de Justicia Administrativa del estado de Jalisco."
298,4883,43856,2020-06-22,2020-07-02,0,,132,LXII,Comisión de Seguridad y Justicia,"Iniciativa de ley   del Gobernador Constitucional del estado de Jalisco, que reforma los artículos 5°, 7°, 12, 13, 14, 15, 16, 31, 35, 42, 62, 91, y 98; y adiciona el  capitulo XVII ""Del Juicio en Línea"" así como los artículos 115, 116, 117, 118, 119, 120, 121. 122, 1123, 124, 125, 126, 127, 128, 129, 130, 131, y 132 a la Ley de Justicia Administrativa del Estado de Jalisco, presentada mediante oficio DIGELAG OF. 333/2020.(F9483)"
299,5880,45198,2020-10-15,2020-10-25,0,,132,LXII,Comisión de Seguridad y Justicia,"Iniciativa de ley de la diputada  María Patricia Meza Núñez, que reforma el artículo 16 H de la Ley Orgánica del Poder Judicial del Estado de Jalisco.(F11368)"
300,5853,45171,2020-10-15,2020-10-25,0,,132,LXII,Comisión de Seguridad y Justicia,"Iniciativa   de ley de la diputada  María Patricia Meza Núñez,  que adiciona el artículo 5 de Ley para la Administración de Bienes Asegurados, Decomisados o Abandonados para el Estado de Jalisco.(F11341)"
301,6584,46365,2021-03-16,2021-03-26,0,,132,LXII,Comisión de Seguridad y Justicia,"Iniciativa del ley del diputado José Hernán Cortés Berumen, que reforma los artículos 1, 34 y 45; y se derogan los artículos 4, 5, 36, 37, 38, 39, 40, 41, 42, 43, 44, 46, 47, 57, 63, 64 y 65 de la Ley de Evaluación y Supervisión de Medidas Cautelares y Suspensión Condicional del Proceso del Estado de Jalisco.(F13771)"
302,6619,46436,2021-03-22,2021-04-01,0,,132,LXII,Comisión de Seguridad y Justicia,"Iniciativa de ley del diputado José Juan Soltero Meza, que reforma el artículo 145 del Poder Judicial del Estado de Jalisco.(F13933)"
303,4283,43082,2020-03-02,2020-03-12,0,,133,LXII,Comisión de Vigilancia y Sistema Anticorrupción,Iniciativa de ley para reformar el numeral uno y el numeral dos del artículo 16 de la Ley del Sistema Anticorrupción del estado de Jalisco.
304,4459,43312,2020-03-18,2020-03-28,0,,133,LXII,Comisión de Vigilancia y Sistema Anticorrupción,Iniciativa de ley para reformar el artículo 7.° de la Ley de Fiscalización Superior y Rendición de Cuentas del estado de Jalisco y sus municipios.
305,6131,45553,2020-11-06,2020-11-16,0,,133,LXII,Comisión de Vigilancia y Sistema Anticorrupción,"Iniciativa de ley de la diputada  Ana Lidia Sandoval García, que tiene por objeto reformar los artículos 34 de la Ley del Sistema Anticorrupción del Estado de Jalisco; 26 de la Ley Fiscalización Superior y Rendición de Cuentas del Estado de Jalisco y sus Municipios; 18 de la Ley Orgánica del Tribunal Electoral del Estado de Jalisco; 18 de la Ley del Sistema de Seguridad Pública para el Estado de Jalisco; 12, 21, 25 y 32 de la Ley de la Comisión Estatal de Derechos Humanos; 18 de la Ley para el Fomento y Participación de las Organizaciones de la Sociedad Civil en el Estado de Jalisco; 16 de la Ley Orgánica del Tribunal de Justicia Administrativa del Estado de Jalisco; y 8, 13, 22, 26 y 30 de la Ley Orgánica de la Procuraduría Social del Estado de Jalisco.(F12093)"
